--
-- PostgreSQL database dump
--

-- Dumped from database version 17.4
-- Dumped by pg_dump version 18.0

SET statement_timeout = 0;
SET lock_timeout = 0;
SET idle_in_transaction_session_timeout = 0;
SET client_encoding = 'UTF8';
SET standard_conforming_strings = on;
SELECT pg_catalog.set_config('search_path', '', false);
SET check_function_bodies = false;
SET xmloption = content;
SET client_min_messages = warning;
SET row_security = off;

--
-- Name: mkt_auto; Type: SCHEMA; Schema: -; Owner: -
--

CREATE SCHEMA mkt_auto;


--
-- Name: Grupo; Type: TYPE; Schema: mkt_auto; Owner: -
--

CREATE TYPE mkt_auto."Grupo" AS ENUM (
    'Administrador',
    'Estoquista'
);


SET default_tablespace = '';

SET default_table_access_method = heap;

--
-- Name: produto; Type: TABLE; Schema: mkt_auto; Owner: -
--

CREATE TABLE mkt_auto.produto (
    id bigint NOT NULL,
    nome character varying DEFAULT ''::character varying,
    codigo_barras character varying,
    is_maior_idade boolean NOT NULL,
    url_imagem character varying,
    categoria_id integer NOT NULL
);


--
-- Name: PRODUTO_id_seq; Type: SEQUENCE; Schema: mkt_auto; Owner: -
--

ALTER TABLE mkt_auto.produto ALTER COLUMN id ADD GENERATED BY DEFAULT AS IDENTITY (
    SEQUENCE NAME mkt_auto."PRODUTO_id_seq"
    START WITH 1
    INCREMENT BY 1
    NO MINVALUE
    NO MAXVALUE
    CACHE 1
);


--
-- Name: bairro; Type: TABLE; Schema: mkt_auto; Owner: -
--

CREATE TABLE mkt_auto.bairro (
    id integer NOT NULL,
    nome character varying(100) NOT NULL,
    cidade_id integer NOT NULL
);


--
-- Name: bairro_id_seq; Type: SEQUENCE; Schema: mkt_auto; Owner: -
--

CREATE SEQUENCE mkt_auto.bairro_id_seq
    AS integer
    START WITH 1
    INCREMENT BY 1
    NO MINVALUE
    NO MAXVALUE
    CACHE 1;


--
-- Name: bairro_id_seq; Type: SEQUENCE OWNED BY; Schema: mkt_auto; Owner: -
--

ALTER SEQUENCE mkt_auto.bairro_id_seq OWNED BY mkt_auto.bairro.id;


--
-- Name: categoria; Type: TABLE; Schema: mkt_auto; Owner: -
--

CREATE TABLE mkt_auto.categoria (
    id integer NOT NULL,
    nome character varying(255) NOT NULL,
    descricao text
);


--
-- Name: categoria_id_seq; Type: SEQUENCE; Schema: mkt_auto; Owner: -
--

CREATE SEQUENCE mkt_auto.categoria_id_seq
    AS integer
    START WITH 1
    INCREMENT BY 1
    NO MINVALUE
    NO MAXVALUE
    CACHE 1;


--
-- Name: categoria_id_seq; Type: SEQUENCE OWNED BY; Schema: mkt_auto; Owner: -
--

ALTER SEQUENCE mkt_auto.categoria_id_seq OWNED BY mkt_auto.categoria.id;


--
-- Name: cidade; Type: TABLE; Schema: mkt_auto; Owner: -
--

CREATE TABLE mkt_auto.cidade (
    id integer NOT NULL,
    nome character varying(50) NOT NULL,
    estado_id integer NOT NULL
);


--
-- Name: cidade_id_seq; Type: SEQUENCE; Schema: mkt_auto; Owner: -
--

CREATE SEQUENCE mkt_auto.cidade_id_seq
    AS integer
    START WITH 1
    INCREMENT BY 1
    NO MINVALUE
    NO MAXVALUE
    CACHE 1;


--
-- Name: cidade_id_seq; Type: SEQUENCE OWNED BY; Schema: mkt_auto; Owner: -
--

ALTER SEQUENCE mkt_auto.cidade_id_seq OWNED BY mkt_auto.cidade.id;


--
-- Name: cliente; Type: TABLE; Schema: mkt_auto; Owner: -
--

CREATE TABLE mkt_auto.cliente (
    cpf bigint NOT NULL,
    pontos integer DEFAULT 0,
    data_cadastro timestamp without time zone DEFAULT CURRENT_TIMESTAMP
);


--
-- Name: cupom; Type: TABLE; Schema: mkt_auto; Owner: -
--

CREATE TABLE mkt_auto.cupom (
    id integer NOT NULL,
    nome character varying(50) NOT NULL,
    descricao character varying(100),
    valor_desconto double precision NOT NULL,
    desconto_em_porcentual boolean NOT NULL,
    custo integer NOT NULL,
    min_purchase double precision,
    max_discount double precision,
    id_mercado integer NOT NULL,
    CONSTRAINT cupom_custo_check CHECK ((custo >= 2)),
    CONSTRAINT cupom_max_discount_check CHECK (((max_discount IS NULL) OR (max_discount >= (0)::double precision))),
    CONSTRAINT cupom_min_purchase_check CHECK (((min_purchase IS NULL) OR (min_purchase >= (0)::double precision))),
    CONSTRAINT cupom_valor_desconto_check CHECK ((valor_desconto >= (0)::double precision))
);


--
-- Name: cupom_id_seq; Type: SEQUENCE; Schema: mkt_auto; Owner: -
--

CREATE SEQUENCE mkt_auto.cupom_id_seq
    AS integer
    START WITH 1
    INCREMENT BY 1
    NO MINVALUE
    NO MAXVALUE
    CACHE 1;


--
-- Name: cupom_id_seq; Type: SEQUENCE OWNED BY; Schema: mkt_auto; Owner: -
--

ALTER SEQUENCE mkt_auto.cupom_id_seq OWNED BY mkt_auto.cupom.id;


--
-- Name: endereco; Type: TABLE; Schema: mkt_auto; Owner: -
--

CREATE TABLE mkt_auto.endereco (
    id bigint NOT NULL,
    bairro_id integer NOT NULL,
    tipo_local character varying(15),
    logradouro character varying(128) NOT NULL,
    numero character varying(10),
    complemento character varying(255),
    cep character varying(9),
    latitude double precision,
    longitude double precision,
    CONSTRAINT check_cep CHECK (((cep)::text ~ '^[0-9]{5}-[0-9]{3}$'::text))
);


--
-- Name: endereco_id_seq; Type: SEQUENCE; Schema: mkt_auto; Owner: -
--

CREATE SEQUENCE mkt_auto.endereco_id_seq
    START WITH 1
    INCREMENT BY 1
    NO MINVALUE
    NO MAXVALUE
    CACHE 1;


--
-- Name: endereco_id_seq; Type: SEQUENCE OWNED BY; Schema: mkt_auto; Owner: -
--

ALTER SEQUENCE mkt_auto.endereco_id_seq OWNED BY mkt_auto.endereco.id;


--
-- Name: estado; Type: TABLE; Schema: mkt_auto; Owner: -
--

CREATE TABLE mkt_auto.estado (
    id integer NOT NULL,
    sigla character(2) NOT NULL,
    nome character varying(50) NOT NULL,
    CONSTRAINT check_sigla CHECK ((sigla = ANY (ARRAY['AC'::bpchar, 'AL'::bpchar, 'AP'::bpchar, 'AM'::bpchar, 'BA'::bpchar, 'CE'::bpchar, 'DF'::bpchar, 'ES'::bpchar, 'GO'::bpchar, 'MA'::bpchar, 'MT'::bpchar, 'MS'::bpchar, 'MG'::bpchar, 'PA'::bpchar, 'PB'::bpchar, 'PR'::bpchar, 'PE'::bpchar, 'PI'::bpchar, 'RJ'::bpchar, 'RN'::bpchar, 'RS'::bpchar, 'RO'::bpchar, 'RR'::bpchar, 'SC'::bpchar, 'SP'::bpchar, 'SE'::bpchar, 'TO'::bpchar])))
);


--
-- Name: estado_id_seq; Type: SEQUENCE; Schema: mkt_auto; Owner: -
--

CREATE SEQUENCE mkt_auto.estado_id_seq
    AS integer
    START WITH 1
    INCREMENT BY 1
    NO MINVALUE
    NO MAXVALUE
    CACHE 1;


--
-- Name: estado_id_seq; Type: SEQUENCE OWNED BY; Schema: mkt_auto; Owner: -
--

ALTER SEQUENCE mkt_auto.estado_id_seq OWNED BY mkt_auto.estado.id;


--
-- Name: funcionario; Type: TABLE; Schema: mkt_auto; Owner: -
--

CREATE TABLE mkt_auto.funcionario (
    id bigint NOT NULL,
    nome character varying(100) NOT NULL,
    email character varying(100) NOT NULL,
    senha character varying(255) NOT NULL,
    id_mercado integer NOT NULL,
    ativo boolean DEFAULT true,
    cargo character varying
);


--
-- Name: funcionario_id_seq; Type: SEQUENCE; Schema: mkt_auto; Owner: -
--

CREATE SEQUENCE mkt_auto.funcionario_id_seq
    AS integer
    START WITH 1
    INCREMENT BY 1
    NO MINVALUE
    NO MAXVALUE
    CACHE 1;


--
-- Name: funcionario_id_seq; Type: SEQUENCE OWNED BY; Schema: mkt_auto; Owner: -
--

ALTER SEQUENCE mkt_auto.funcionario_id_seq OWNED BY mkt_auto.funcionario.id;


--
-- Name: historico_preco; Type: TABLE; Schema: mkt_auto; Owner: -
--

CREATE TABLE mkt_auto.historico_preco (
    id integer NOT NULL,
    id_produto_mercado integer NOT NULL,
    preco_antigo double precision NOT NULL,
    preco_novo double precision NOT NULL,
    data_alteracao timestamp without time zone DEFAULT CURRENT_TIMESTAMP,
    id_funcionario integer NOT NULL
);


--
-- Name: historico_preco_id_seq; Type: SEQUENCE; Schema: mkt_auto; Owner: -
--

CREATE SEQUENCE mkt_auto.historico_preco_id_seq
    AS integer
    START WITH 1
    INCREMENT BY 1
    NO MINVALUE
    NO MAXVALUE
    CACHE 1;


--
-- Name: historico_preco_id_seq; Type: SEQUENCE OWNED BY; Schema: mkt_auto; Owner: -
--

ALTER SEQUENCE mkt_auto.historico_preco_id_seq OWNED BY mkt_auto.historico_preco.id;


--
-- Name: itempedido; Type: TABLE; Schema: mkt_auto; Owner: -
--

CREATE TABLE mkt_auto.itempedido (
    id integer NOT NULL,
    id_pedido integer NOT NULL,
    id_produto bigint NOT NULL,
    quantidade integer NOT NULL,
    valor_item_total double precision NOT NULL,
    CONSTRAINT itempedido_quantidade_check CHECK ((quantidade > 0)),
    CONSTRAINT itempedido_valor_item_total_check CHECK ((valor_item_total >= (0)::double precision))
);


--
-- Name: itempedido_id_seq; Type: SEQUENCE; Schema: mkt_auto; Owner: -
--

CREATE SEQUENCE mkt_auto.itempedido_id_seq
    AS integer
    START WITH 1
    INCREMENT BY 1
    NO MINVALUE
    NO MAXVALUE
    CACHE 1;


--
-- Name: itempedido_id_seq; Type: SEQUENCE OWNED BY; Schema: mkt_auto; Owner: -
--

ALTER SEQUENCE mkt_auto.itempedido_id_seq OWNED BY mkt_auto.itempedido.id;


--
-- Name: mercados; Type: TABLE; Schema: mkt_auto; Owner: -
--

CREATE TABLE mkt_auto.mercados (
    id_mercado integer NOT NULL,
    nome character varying(100) NOT NULL,
    endereco_id bigint NOT NULL,
    horario_funcionamento character varying(100),
    data_cadastro timestamp without time zone DEFAULT CURRENT_TIMESTAMP
);


--
-- Name: mercados_id_mercado_seq; Type: SEQUENCE; Schema: mkt_auto; Owner: -
--

CREATE SEQUENCE mkt_auto.mercados_id_mercado_seq
    AS integer
    START WITH 1
    INCREMENT BY 1
    NO MINVALUE
    NO MAXVALUE
    CACHE 1;


--
-- Name: mercados_id_mercado_seq; Type: SEQUENCE OWNED BY; Schema: mkt_auto; Owner: -
--

ALTER SEQUENCE mkt_auto.mercados_id_mercado_seq OWNED BY mkt_auto.mercados.id_mercado;


--
-- Name: pedido; Type: TABLE; Schema: mkt_auto; Owner: -
--

CREATE TABLE mkt_auto.pedido (
    id integer NOT NULL,
    id_cliente bigint,
    id_cupom integer,
    id_mercado integer NOT NULL,
    data_hora timestamp without time zone NOT NULL,
    valor_total double precision NOT NULL,
    CONSTRAINT check_cupom_cliente CHECK (((id_cupom IS NULL) OR (id_cliente IS NOT NULL)))
);


--
-- Name: pedido_id_seq; Type: SEQUENCE; Schema: mkt_auto; Owner: -
--

CREATE SEQUENCE mkt_auto.pedido_id_seq
    AS integer
    START WITH 1
    INCREMENT BY 1
    NO MINVALUE
    NO MAXVALUE
    CACHE 1;


--
-- Name: pedido_id_seq; Type: SEQUENCE OWNED BY; Schema: mkt_auto; Owner: -
--

ALTER SEQUENCE mkt_auto.pedido_id_seq OWNED BY mkt_auto.pedido.id;


--
-- Name: produto_mercado; Type: TABLE; Schema: mkt_auto; Owner: -
--

CREATE TABLE mkt_auto.produto_mercado (
    id integer NOT NULL,
    id_produto bigint NOT NULL,
    id_mercado integer NOT NULL,
    preco double precision NOT NULL,
    estoque integer DEFAULT 0,
    data_atualizacao timestamp without time zone DEFAULT CURRENT_TIMESTAMP,
    CONSTRAINT produto_mercado_estoque_check CHECK ((estoque >= 0)),
    CONSTRAINT produto_mercado_preco_check CHECK ((preco >= (0)::double precision))
);


--
-- Name: produto_mercado_id_seq; Type: SEQUENCE; Schema: mkt_auto; Owner: -
--

CREATE SEQUENCE mkt_auto.produto_mercado_id_seq
    AS integer
    START WITH 1
    INCREMENT BY 1
    NO MINVALUE
    NO MAXVALUE
    CACHE 1;


--
-- Name: produto_mercado_id_seq; Type: SEQUENCE OWNED BY; Schema: mkt_auto; Owner: -
--

ALTER SEQUENCE mkt_auto.produto_mercado_id_seq OWNED BY mkt_auto.produto_mercado.id;


--
-- Name: promocao; Type: TABLE; Schema: mkt_auto; Owner: -
--

CREATE TABLE mkt_auto.promocao (
    id integer NOT NULL,
    id_produto_mercado integer NOT NULL,
    id_funcionario integer NOT NULL,
    preco_promocional double precision NOT NULL,
    data_inicio timestamp without time zone DEFAULT CURRENT_TIMESTAMP NOT NULL,
    data_validade timestamp without time zone NOT NULL,
    descricao text
);


--
-- Name: promocao_id_seq; Type: SEQUENCE; Schema: mkt_auto; Owner: -
--

CREATE SEQUENCE mkt_auto.promocao_id_seq
    AS integer
    START WITH 1
    INCREMENT BY 1
    NO MINVALUE
    NO MAXVALUE
    CACHE 1;


--
-- Name: promocao_id_seq; Type: SEQUENCE OWNED BY; Schema: mkt_auto; Owner: -
--

ALTER SEQUENCE mkt_auto.promocao_id_seq OWNED BY mkt_auto.promocao.id;


--
-- Name: bairro id; Type: DEFAULT; Schema: mkt_auto; Owner: -
--

ALTER TABLE ONLY mkt_auto.bairro ALTER COLUMN id SET DEFAULT nextval('mkt_auto.bairro_id_seq'::regclass);


--
-- Name: categoria id; Type: DEFAULT; Schema: mkt_auto; Owner: -
--

ALTER TABLE ONLY mkt_auto.categoria ALTER COLUMN id SET DEFAULT nextval('mkt_auto.categoria_id_seq'::regclass);


--
-- Name: cidade id; Type: DEFAULT; Schema: mkt_auto; Owner: -
--

ALTER TABLE ONLY mkt_auto.cidade ALTER COLUMN id SET DEFAULT nextval('mkt_auto.cidade_id_seq'::regclass);


--
-- Name: cupom id; Type: DEFAULT; Schema: mkt_auto; Owner: -
--

ALTER TABLE ONLY mkt_auto.cupom ALTER COLUMN id SET DEFAULT nextval('mkt_auto.cupom_id_seq'::regclass);


--
-- Name: endereco id; Type: DEFAULT; Schema: mkt_auto; Owner: -
--

ALTER TABLE ONLY mkt_auto.endereco ALTER COLUMN id SET DEFAULT nextval('mkt_auto.endereco_id_seq'::regclass);


--
-- Name: estado id; Type: DEFAULT; Schema: mkt_auto; Owner: -
--

ALTER TABLE ONLY mkt_auto.estado ALTER COLUMN id SET DEFAULT nextval('mkt_auto.estado_id_seq'::regclass);


--
-- Name: funcionario id; Type: DEFAULT; Schema: mkt_auto; Owner: -
--

ALTER TABLE ONLY mkt_auto.funcionario ALTER COLUMN id SET DEFAULT nextval('mkt_auto.funcionario_id_seq'::regclass);


--
-- Name: historico_preco id; Type: DEFAULT; Schema: mkt_auto; Owner: -
--

ALTER TABLE ONLY mkt_auto.historico_preco ALTER COLUMN id SET DEFAULT nextval('mkt_auto.historico_preco_id_seq'::regclass);


--
-- Name: itempedido id; Type: DEFAULT; Schema: mkt_auto; Owner: -
--

ALTER TABLE ONLY mkt_auto.itempedido ALTER COLUMN id SET DEFAULT nextval('mkt_auto.itempedido_id_seq'::regclass);


--
-- Name: mercados id_mercado; Type: DEFAULT; Schema: mkt_auto; Owner: -
--

ALTER TABLE ONLY mkt_auto.mercados ALTER COLUMN id_mercado SET DEFAULT nextval('mkt_auto.mercados_id_mercado_seq'::regclass);


--
-- Name: pedido id; Type: DEFAULT; Schema: mkt_auto; Owner: -
--

ALTER TABLE ONLY mkt_auto.pedido ALTER COLUMN id SET DEFAULT nextval('mkt_auto.pedido_id_seq'::regclass);


--
-- Name: produto_mercado id; Type: DEFAULT; Schema: mkt_auto; Owner: -
--

ALTER TABLE ONLY mkt_auto.produto_mercado ALTER COLUMN id SET DEFAULT nextval('mkt_auto.produto_mercado_id_seq'::regclass);


--
-- Name: promocao id; Type: DEFAULT; Schema: mkt_auto; Owner: -
--

ALTER TABLE ONLY mkt_auto.promocao ALTER COLUMN id SET DEFAULT nextval('mkt_auto.promocao_id_seq'::regclass);


--
-- Data for Name: bairro; Type: TABLE DATA; Schema: mkt_auto; Owner: -
--

INSERT INTO mkt_auto.bairro VALUES (1, 'Vila Mariana', 1);
INSERT INTO mkt_auto.bairro VALUES (2, 'Paraíso', 1);
INSERT INTO mkt_auto.bairro VALUES (3, 'Aclimação', 1);
INSERT INTO mkt_auto.bairro VALUES (4, 'Centro', 1);
INSERT INTO mkt_auto.bairro VALUES (5, 'Vila Madalena', 1);
INSERT INTO mkt_auto.bairro VALUES (6, 'Jardins', 1);
INSERT INTO mkt_auto.bairro VALUES (7, 'Moema', 1);
INSERT INTO mkt_auto.bairro VALUES (8, 'Consolação', 1);
INSERT INTO mkt_auto.bairro VALUES (9, 'Santana', 1);
INSERT INTO mkt_auto.bairro VALUES (10, 'Barra Funda', 1);
INSERT INTO mkt_auto.bairro VALUES (11, 'Ibirapuera', 1);


--
-- Data for Name: categoria; Type: TABLE DATA; Schema: mkt_auto; Owner: -
--

INSERT INTO mkt_auto.categoria VALUES (1, 'Laticínios', NULL);
INSERT INTO mkt_auto.categoria VALUES (2, 'Bebidas', NULL);
INSERT INTO mkt_auto.categoria VALUES (3, 'Limpeza', NULL);
INSERT INTO mkt_auto.categoria VALUES (4, 'Óleos', NULL);
INSERT INTO mkt_auto.categoria VALUES (5, 'Massas', NULL);
INSERT INTO mkt_auto.categoria VALUES (6, 'Higiene', NULL);
INSERT INTO mkt_auto.categoria VALUES (8, 'Alimentos', NULL);


--
-- Data for Name: cidade; Type: TABLE DATA; Schema: mkt_auto; Owner: -
--

INSERT INTO mkt_auto.cidade VALUES (1, 'São Paulo', 2);
INSERT INTO mkt_auto.cidade VALUES (3, 'Campinas', 2);
INSERT INTO mkt_auto.cidade VALUES (4, 'Santos', 2);
INSERT INTO mkt_auto.cidade VALUES (5, 'Rio de Janeiro', 4);
INSERT INTO mkt_auto.cidade VALUES (6, 'Niterói', 4);


--
-- Data for Name: cliente; Type: TABLE DATA; Schema: mkt_auto; Owner: -
--



--
-- Data for Name: cupom; Type: TABLE DATA; Schema: mkt_auto; Owner: -
--



--
-- Data for Name: endereco; Type: TABLE DATA; Schema: mkt_auto; Owner: -
--

INSERT INTO mkt_auto.endereco VALUES (1, 1, 'Comercial', 'Rua Domingos de Morais', '1234', 'Loja 1', '04010-000', -23.5897, -46.6351);
INSERT INTO mkt_auto.endereco VALUES (2, 2, 'Comercial', 'Avenida Paulista', '500', 'Térreo', '01310-000', -23.565, -46.6382);
INSERT INTO mkt_auto.endereco VALUES (3, 3, 'Comercial', 'Rua Pires da Mota', '200', 'Loja A', '01529-001', -23.5778, -46.625);
INSERT INTO mkt_auto.endereco VALUES (4, 4, 'Rua', 'Rua das Flores', '123', NULL, '01234-567', -23.5505, -46.6333);
INSERT INTO mkt_auto.endereco VALUES (5, 5, 'Avenida', 'Av. Principal', '456', NULL, '01234-568', -23.5368, -46.689);
INSERT INTO mkt_auto.endereco VALUES (6, 11, 'Avenida', 'Av. Ibirapuera', '3103', 'Shopping Ibirapuera', '04029-902', -23.5915, -46.6578);
INSERT INTO mkt_auto.endereco VALUES (7, 10, 'Avenida', 'Av. Marginal Tietê', '789', NULL, '01140-010', -23.528, -46.6658);
INSERT INTO mkt_auto.endereco VALUES (8, 8, 'Rua', 'Rua Augusta', '1200', NULL, '01305-100', -23.5558, -46.6396);
INSERT INTO mkt_auto.endereco VALUES (9, 7, 'Avenida', 'Av. Ibirapuera', '3103', NULL, '04029-902', -23.6021, -46.6634);
INSERT INTO mkt_auto.endereco VALUES (10, 6, 'Rua', 'Rua Oscar Freire', '500', NULL, '01426-001', -23.5618, -46.6729);
INSERT INTO mkt_auto.endereco VALUES (11, 9, 'Avenida', 'Av. Cruzeiro do Sul', '1000', NULL, '02031-000', -23.5089, -46.6311);


--
-- Data for Name: estado; Type: TABLE DATA; Schema: mkt_auto; Owner: -
--

INSERT INTO mkt_auto.estado VALUES (2, 'SP', 'São Paulo');
INSERT INTO mkt_auto.estado VALUES (4, 'RJ', 'Rio de Janeiro');
INSERT INTO mkt_auto.estado VALUES (5, 'MG', 'Minas Gerais');
INSERT INTO mkt_auto.estado VALUES (6, 'RS', 'Rio Grande do Sul');
INSERT INTO mkt_auto.estado VALUES (7, 'PR', 'Paraná');


--
-- Data for Name: funcionario; Type: TABLE DATA; Schema: mkt_auto; Owner: -
--

INSERT INTO mkt_auto.funcionario VALUES (30, 'joaso', 'joaotest@gmail.com', '$2a$10$PBFYmmnz7lbVlHm6pZP9Ye1Aq8/N/QVRaZqLaNMs3iI7qdlA7/BsO', 2, true, 'Estoquista');
INSERT INTO mkt_auto.funcionario VALUES (25, 'Test', 'teste@teste.com', '$2a$10$gEbxZiaGkbWJlVw/K0AMheYaKFANlTkcOBCU/Pgqrq0mmIu6wxeaC', 2, false, 'Estoquista');
INSERT INTO mkt_auto.funcionario VALUES (27, 'João vito ', 'test@teste.com', '$2a$10$9u1.pHOlxvNCxcbRpmKsTeWhPi27KO3/DXUHGpxFuQGhbfoB9hYK2', 2, true, 'Administrador');
INSERT INTO mkt_auto.funcionario VALUES (20, 'João Silva', 'joao.silva@email.com', '$2a$10$Hv0IQoyWpVRqzr48xbw6Z.viUGW9FE07T9MVSuOOGXpH1H5PL02Fa', 1, true, 'Administrador');
INSERT INTO mkt_auto.funcionario VALUES (1, 'Maria Souza Atualizada', 'maria.souza@mercadovm.com', '$2a$10$SJc1pMA5Ywy8tTmU51YvV.55rAa31xOq8XD9TRdHkF24RUMtESDya', 1, true, 'Administrador');
INSERT INTO mkt_auto.funcionario VALUES (24, 'Miguel', 'Miguel@gmail.com', '$2a$10$svCZOUkuobKap744rw4o1eMJLAJFIp6P0YRUXfPz1LKuq/L34JHva', 2, true, 'Estoquista');
INSERT INTO mkt_auto.funcionario VALUES (23, 'Jp', 'jp.@gmail.com', '$2a$10$rIwG7qDNxnwa7zB7zpwMdOpYqLB393xEyANRkRfBSJO7DOLSJEz6u', 2, true, 'Estoquista');
INSERT INTO mkt_auto.funcionario VALUES (22, 'João P', 'joao.p@email.com', '$2a$10$YXdQH9etJyv0A/vDukV6d./EO6nDgs7yCty2cmSi6dAqOwn1bsEQq', 1, false, 'Estoquista');
INSERT INTO mkt_auto.funcionario VALUES (21, 'João Pires', 'joao.pires@email.com', '$2a$10$rFEye/k43wI7uQ/9y5xNj.ZZZf/Bkwx0l.akGyOZfjmCi/kn0ckIO', 2, true, 'Administrador');
INSERT INTO mkt_auto.funcionario VALUES (28, 'João vito ', 'test@teste1.com', '$2a$10$LyK2MaVptkRMs1V1J3WB9O5r9jteINX5YpD0DtT.aJ0f9DvX92TTW', 2, true, 'Estoquista');
INSERT INTO mkt_auto.funcionario VALUES (29, 'Luquinhas', 'Lucas@gmail.com', '$2a$10$bKVaUq.N8M40Vr5qjDiGB.ssEHdNlEa1gaXCA71ztiX.W/L9O8w1e', 2, true, 'Administrador');


--
-- Data for Name: historico_preco; Type: TABLE DATA; Schema: mkt_auto; Owner: -
--



--
-- Data for Name: itempedido; Type: TABLE DATA; Schema: mkt_auto; Owner: -
--



--
-- Data for Name: mercados; Type: TABLE DATA; Schema: mkt_auto; Owner: -
--

INSERT INTO mkt_auto.mercados VALUES (1, 'Mercado Vila Mariana', 1, '08:00-20:00', '2025-06-12 06:39:00');
INSERT INTO mkt_auto.mercados VALUES (2, 'Mercado Paraíso', 2, '07:00-22:00', '2025-06-12 06:39:00');
INSERT INTO mkt_auto.mercados VALUES (3, 'Mercado Aclimação', 3, '09:00-21:00', '2025-06-12 06:39:00');
INSERT INTO mkt_auto.mercados VALUES (4, 'Supermercado Central', 4, '07:00 - 22:00', '2025-06-16 13:23:58.014366');
INSERT INTO mkt_auto.mercados VALUES (6, 'Extra Supermercados', 6, '08:00 - 22:00', '2025-06-16 13:23:58.014366');
INSERT INTO mkt_auto.mercados VALUES (7, 'Atacadão Express', 7, '07:30 - 21:30', '2025-06-16 13:23:58.014366');
INSERT INTO mkt_auto.mercados VALUES (8, 'Mercadinho da Esquina', 8, '06:30 - 23:30', '2025-06-16 13:23:58.014366');
INSERT INTO mkt_auto.mercados VALUES (9, 'Carrefour Moema', 9, '07:00 - 00:00', '2025-06-16 13:23:58.014366');
INSERT INTO mkt_auto.mercados VALUES (10, 'Pão de Açúcar Jardins', 10, '06:00 - 24:00', '2025-06-16 13:23:58.014366');
INSERT INTO mkt_auto.mercados VALUES (11, 'Walmart Santana', 11, '07:00 - 23:00', '2025-06-16 13:23:58.014366');
INSERT INTO mkt_auto.mercados VALUES (5, 'Mercado Bom Preço', 5, '06:00 - 15:00', '2025-06-16 13:23:58.014366');


--
-- Data for Name: pedido; Type: TABLE DATA; Schema: mkt_auto; Owner: -
--



--
-- Data for Name: produto; Type: TABLE DATA; Schema: mkt_auto; Owner: -
--

INSERT INTO mkt_auto.produto VALUES (1, 'Arroz Integral 1kg', '7891234567890', false, NULL, 8);
INSERT INTO mkt_auto.produto VALUES (3, 'Leite Integral 1L', '7894561237890', false, NULL, 1);
INSERT INTO mkt_auto.produto VALUES (6, 'Leite Integral Parmalat 1L', '7891000100103', false, 'https://via.placeholder.com/150?text=Leite', 1);
INSERT INTO mkt_auto.produto VALUES (8, 'Feijão Carioca Camil 1kg', '7896006711234', false, 'https://via.placeholder.com/150?text=Feijão', 8);
INSERT INTO mkt_auto.produto VALUES (10, 'Iogurte Natural Danone 170g', '7891025001234', false, 'https://via.placeholder.com/150?text=Iogurte', 1);
INSERT INTO mkt_auto.produto VALUES (11, 'Açúcar Cristal União 1kg', '7891910001234', false, 'https://via.placeholder.com/150?text=Açúcar', 8);
INSERT INTO mkt_auto.produto VALUES (12, 'Óleo de Soja Liza 900ml', '7891234001234', false, 'https://via.placeholder.com/150?text=Óleo', 4);
INSERT INTO mkt_auto.produto VALUES (13, 'Macarrão Espaguete Barilla 500g', '8076809001234', false, 'https://via.placeholder.com/150?text=Macarrão', 5);
INSERT INTO mkt_auto.produto VALUES (14, 'Sabão em Pó OMO 1kg', '7891150001234', false, 'https://via.placeholder.com/150?text=Sabão', 3);
INSERT INTO mkt_auto.produto VALUES (15, 'Shampoo Pantene 400ml', '7500435001234', false, 'https://via.placeholder.com/150?text=Shampoo', 6);
INSERT INTO mkt_auto.produto VALUES (4, 'Coca-Cola 2L', '7894900011517', false, 'data:image/jpeg;base64,/9j/4AAQSkZJRgABAQAAAQABAAD/2wCEAAkGBxARERUSEg8VFhUWEBUYGBgWGBoaFRUVFRUWFhcVFhcYHiggGholHRgVIzEhJSkrLi4vFx8zODMsNygtLisBCgoKDg0OGxAQGi0lHyU1Ly0tLS03LS0tLS0tNy0tLS0tLS0tLS0tLS0tLS0tLS0tLS0tLS0tLS0tLS0tLS0tLf/AABEIAOEA4QMBEQACEQEDEQH/xAAcAAEAAQUBAQAAAAAAAAAAAAAABwMEBQYIAgH/xABLEAABAwIDBAYGBgcECQUAAAABAAIDBBEFEiEHEzFBBiJRYXGBMjR0kaGzFCNCUrHBU3KSk9HT8DOCorIVJCU1c6PD4fEIQ1ViY//EABsBAQACAwEBAAAAAAAAAAAAAAADBAECBQYH/8QAOxEAAgECBAMGAwUHBAMAAAAAAAECAxEEEiExBTJxEzRBUWHBIoHRFCNSkaEVM0Kx4fDxBmKCwhYkU//aAAwDAQACEQMRAD8A0BcU+mBAEAQBAAgJp2IepTe1u+VEuhhOVnj+P94j09yR1aOGEAQBAEAQBAEAQBAEAQBAEAQBAEAQBAEAQBAcnrin0wIAgPcELnuDWNLnE2DWgkkngABxK2SvsaykorNJ2R8ljLSWuBBBIIIsQRoQQeBWHoZjJSV1seVgyTTsP9Sm9rd8qJdDCcjPH8f7xHp7skdWjhhAEAQBAEAQBAEBpfSrphNS1D4mRsIbTteC69y459LAjSzR71Xq1nB2OvgeHRxFPO297GrQ7T63PZ0UFrm9mvHDsOcqH7TI6P7Do/iZIHR3G31BIc1oswHS/G9raqxTqZjiYzCqg9HczqmKQQBAEAQBAEAQBAEByeuKfTAsg2unhwHI3eTVwflGbKIsodbrZbt4Xup0qPqciU+JJuyhYzfR2iwls8U1OzE5XMka9oETHNJabi+VvDzClhGmmmrlHFVsZKnKnUcEn6/1NIx9+aqqHZSL1Mxs7RwvI42cORCqz5mdzBq1CC9EWAWhZJp2H+pTe1u+VEuhhOVnj+P94j092SOrRwwgCAIAgCAIAgCAijp9HI6ulAieb0rQ3qnrEA5spuLgB3EcFVq0pSldHd4fjqVGioSet7mn0+FVWb+xda97htuPHU2PPw0UP2eZf/a2H9SU+guYON2OH1fWuLDNcG3E258VZpQcdziY7EQrcpuinOcEAQBAEAQBAEAQBAcnrin0wICSsG6X4SyJjBTfR5WsaHSiCKQucAAXXPW43PDmrsa1NLax5jEcNxrm25Zl5XsZSfGxU026j6QsbKajMHvZ9HO6yZRDpb7WubvUjnmjpIrRw7o1c1Sg2rbXvr5kUV7HNlka5+dwkeC8EuD3BxBeHHU3NzfndUJbnq6DTpxaVlbbyKAWpKTTsP8AUpva3fKiXQwnKzx/H+8R6e7JHVo4YQBAEAQBAEAQBAariL95XuAGkFINb/alcbgjnZoade3uQHtjQ4gOAN7g3FwQeIN+SGTJ4aA2Rzb3zxscNAL5btdw/unxchgyiAIAgCAIAgCAIAgCA5PXFPph9WQ9iacAwvEXQRueKBrd0wtDYN5K5uUWzZnsbmt3rowUra2PFYmrQU2o527vd2XuXtZJVtGWHBYpD9+V1MwX7o2E6f3ltLMto/yIqcaT1nVa9Em/oQliubfy52hr99Jma30WuznM1tidAbgeC5s75nc9ph8vZRyu6sWq1Jiadh/qU3tbvlRLoYTlZ4/j/eI9Pdkjq0cMIAgCAIAgCAICnUTNY1z3GzWtLnHsAFyfcgNIwCdzxUTObZ8zw7iOqD6LTc3uGtA0+6UMmWpYHE6DnqsAuZTu3Mfa2Q9ft3bzkJtwtcNd4M70uYM4sgIAgCAIAgCAIAgCA5PXFPph9WQbrFJhDWQiXDazNJG0g7zK2S/VzMu70S4GyspwVrpnBccXJycasLLfTYz56L0v/wAFXfvmfzFJ2cfwspfbKv8A9ofl/QjGuDd4/KxzW7x+VrvSa3MbNd/9gND4KnLdnpqN+zjd303KC1JSadh/qU3tbvlRLoYTlZ4/j/eI9Pdkjq0cMIAgCAIAgCAICL9tnSw08LaOF1pZbPkItdkTToPFzh7mO7QtZOxtGNzRca6UYhDQ08W+c1zwXl2VoJB4Wtw0FuA5qNyJo0zE0HTfFGCwrXnxA/HitXNkyo3Niw7ptXkjPOXA6EHgQdFlVCOVGxKOzrpG6rgdHKRv4HZX20D2/YkA7CPw71KncryVjbVsahAEAQBAEAQBAEByeuKfTD6sh7G/z1+HV4hkqKioppYoY2WEZkh6nB0YaCRfvt+at3hOzd0ecjTxGFzwpqMoyb8bPUv3YvQsn+lPxWsqHh4fuo43xMc5trAhwDcuguBZb5op5rtlfsK06fZKnCK8202RzidUZppZS3KZJpHlv3S95dbyvZUpu8mz0uHp9nSjC97ItlqTE07D/Upva3fKiXQwnKzx/H+8R6e7JHVo4YQBAEAQBAEBi+k2ORUNNJUyahg0bze86NYO8m3hqeSwwc2zfSsQrHPkBdI9+Z2nAcm25NAAA7goZSLlONkXXTisbJK2Juu4iAefsh3YLdlwPErVsnhEwNM3UKKTLMYmYpngG3A6HXndYizM4aGw4Li76SdlXGb5epI2/wDaRn8x+Q7FYhI5laBPOH1jJ4mSxuux7Q5p7j+anKpcIAgCAIAgCAIAgOT1xT6YfVkySxh2IVsUEIqMbp6ZzoWGOJ0LXuEZFmF7tMug5+9XouSSzSSPI1IUJzk6VGUknq7vcuZarFoXH6XjNJAy+hysdI9vJzY8oJBHes/eLmkkaJYWovuaMm/nYifFJA6eVwfnDppCH2y5wXk58vK/G3K6ozd5M9Vh45aUU1bTbyLULUmJp2H+pTe1u+VEuhhOVnj+P94j092SOrRwwgCAIAgCAICDtr3SAVGIMoxrDSDeSjk6UtvY9oDXMbf/APV60kyWmjGYTIKWiMuhlm65N+AIOUC3A666qvJl6EbmmRO6krtSX5Gknjq/eHn2xhYbJooq0kShnIswiXD5bOae6x/r3JAS2Mnhs13GMnR4y+DuLT77e9TwZQqokXY7jtnS0Dz6P1sV/unSRgv2Ov8A4lZi7nPmtSUlsaBAEAQBAEAQBAcnrin0w+rIJYw9tXPBFLPh2GNbuWNZJV2D3sa0Bp1BNra624q/HM0m0vmeRqqjSnKNOpN665di7rIaqUl7aDB6p4aNGEPks0WA64GgAAAusyTfgmRU3ShpnqRX6ERVziZXksDCZHksAsGEuN2AcgOFu5UJbnr6KSpxSd9N/MoBakhNOw/1Kb2t3yol0MJys8fx/vEenuyR1aOGEAQBAEAQFpi1eynglnebNiie8+DWk/kgOXcOe+qmc5569VVNa4/rP3soF9bat/ZCikWoIzfSaoOUt04m9tBfgbAk2HddVG/iOlCKUTW4NWgdr7/siw/zLMmZpq7MnhUN7qrWlYvUY6ltWAtI5ESG3wKmpu6uV6q1KrHEEWNtfC2vwU0XqVasdDOU+JGkroKq9g2VpcBq3JKOs0Edn1vmrMWc6ojoprgQCDcEKQrn1AEAQBAEAQBAcnrin0wLIN1d0lw2qax1fRSumZE2PeQvtmazgSxxAB1Ks9rCXMtTh/YMVQk/s81lbvZnqlxzBaZ7ZqegqXSsOZm9kAaHDgTlcb+5FUpRd0mYqYPH11kqzjle9l/Q0+uqXSyySutmkke91uGZ7i427rlV5O7udmlTVOCgtloUFqSE07D/AFKb2t3yol0MJys8fx/vEenuyR1aOGEAQBAEAQGhbbcQMOFPaDYzSxxeROdw/ZY4eawzMdyG+iDfrIz92CaUG1+s76sfAhRSLVM84q/MOOvO/bfVU/4jqrkLGjZw8HH32/gs1NiShG7MzgY46HnwBPwCp4hX2LdKy3LDFWdc2++PiCpqLtHUr1Y3nofZYyApITTZBVg0ivWgupxbiA4crEseH/g9yuxOTURP/QGv3+HU0l7nchp8Y7xknv6t/NTFZ7mwIYCAIAgCAIAgOT1xT6YFkEk4Vs4p3wMmNTJMXMDslMIszbgHKS9x1HBW44aLV7nmq3Gaym4KKjbzuXFRgdDS02//ANDVUjxPu8kz3B1smbeuEV25L6cOK2dOEVfKyOOLxFep2fbRSte6I0rJA6R7gwMBkcQwcGAuJDB3Dh5KnLc9LRVoJN3038yitSQmnYf6lN7W75US6GE5WeP4/wB4j092SOrRwwgCAIAgCAjbbvQiWgidmILKthHYczJGm481pOWVXLGGoutUyJkSYJgtRIcjKgNvEW+ifQBBy8eFwFVdZSdjtrhUqcc7kitU4a9hs6QE+HFV5TVzo0uHSa5j42IW4i/K3d+IWjmTrAW8SrREMNiA7UeR0I0Ol7rSeuwWDaerPUwzuzG3Eac9FiN4xsSfYru9y9dS7wWFlmnFp3IK2FutzzW4M4U5IkaBci1j9toYTfiNLe5XY1lFHJlwyU52TRMGyum3eFwDNe5kPheV+g7tFbhLNG5xMTRdGq6b8DbVuQBAEAQBAEAQHJ64p9MCA2Kn6F4m4NkZRyWIDmuBaNCLgg5rqZUankc2fEsHdqUk/kbR0Xw3H46mISGqbCZWh+aQOAZfXRziOHcp6caqkr7HMxtbh06UnBLN4aNGjdIharqdb/61PrzP1rtdFVqczO5gu7w6Ixy0LJNOw/1Kb2t3yol0MJys8fx/vEenuyR1aOGEAQBAEAQGhbaP93N9qj/B6hr8hf4b+/XzI56Hy5Zw4Dgx35KhB2metxMM+Hyl5X4wRmaImasDdbkEAlwzAnXUuPfp5pVreBpSwCaTc35ljV4y97XsLBZ+W5uS7qkEG5Op0tc8isOpdWsTQwKpyjLM3YQY09mWzG6R5NbnT6vgOAH1Y6vA5nXBvZZVVrwNZYCMr/E9Xf8An9T4zFDu8mRvEa6/cDLkczYcVr23hY3+wJyvmZmW4sSSTDHcuHo3+y5ztOX2jrzut+1v4FN4K203/n/BSxN1qY2+9+Yt+S1exPRX3qRJ+zwf7Og8H8e3evuujQ/do8lxLvU+psalKIQBAEAQBAEByeuKfTAgJJkhpsPji+lz4hM98LH2hkcynaHC4a12YXsNND5BXbKCV22eYUp4qcuyjCKT8bXPWH1dBXSNhhkxSF7jZrhK6RgJ4Z+sSB7vFZTjJ2V0Yq06+GjnmqbXlZEfYpTujnljc7M5k0jHO+85ry0u17SL+apyVpNM9Fh5qdKMkrJrYtQtSYmnYf6lN7W75US6GE5WeP4/3iPT3ZI6tHDCAIAgCAIDQttBthzfao/8r1DX5C/w3vC+ZqPR2gp4HMjksZnwGSQucQ2CMtuI2hpGaUix14aaKtGMU7Pc7tatXqU3KHKnZW8X6+hrte7rfxVOe536K+EtHFDZny6yYM1gOBPqA6RzxFAz05XcBbi1o+07+Pkt4UnLXZFLFY+NC0IrNN7L6mwAUTGdWmc7K1jgZHuD3BzgGmQt0GZpzBoAsACTrZTpU0tjlKeLqT1na91otPl0L+rwynqqcOga5tnDPDe7tLOG7J45rAXPNy2yRmrohWKrYao41dfKX1Ny6DxhtDE0cGmRviWyvaSO64KtUlaKRxcbPPXlLzM8pCqEAQBAEAQBAcnrin0wLIJFr6/EsMZTxU9RNLGaVjzmia+FpdchsTyCcoFha+nnYXJOdNJR1PN0aWFxkpyqpRd/B2fzPuCdJcWraiOCSWaOOR2VzoIWhwBB1zFvVF7XN9FiFSpJ2eiGKweDw9N1IWk1smzQ8UpzFNLGX5iyaRhd94seW5ufG1/NVZq0mjvYeeelGSVrpaeRarUmJp2H+pTe1u+VEuhhOVnj+P8AeI9Pdkjq0cMIAgCAIAgNN2pU29pYWHg6vgv+r1i74XUdXlLeCllq39Gah0fczMJ3Fu+qpZJGl7cwbSxvALbWNnOA0NtQy2h414pXv4v+R2q8pOGRL4IK3/J/QqVLIqOZtMI97M9t5C1rXXc7+zp25/QYeLnWva3Dlo8sJZUrtkkXVxVJ127Rjt4bbv1fkesPw6GneYRkLYGbysnc1rr6XFMwOBsDztqQON1mEIxdvzZrXrVK8VUf8WkI/wDZ/wB7mMwZj66pmjEEcbJLF7sgzwwjg2Pk1zhpmtfUnktIfHJqxZxCjhqMJZ22tlfRvzfoh0nxIzn6PTRONJTkXDGktcW8XOcAbN42v3u8NasnJ2itESYGhGlHtasl2k9r7q5TfM6YOMUchbmMkjiLm5vq7Lo1oFwB4nuGrbkvhRvCEaLXayV9l/fr4szckMkeH3YHbyZ2YZA7PkabMAtrq67tOTVOk409PE585wq4u0rZY6a7X8fyNz2dC2GwCx4SceI+tfoVZo8iOLxJ/wDtTNkUpSCAIAgCAIAgOT1xT6YAsg2fox0mxGMshhqJt0Htu1rBKWsJGbKHNcRpewCmp1KmyOVjcFhZJzklm621NnxB/SKofIyB9Q6AuIY5zI6dzmcnHM1jgbeCml2zfw7HNo/s2nGMqls3irt/0I3rIHRyPjf6THua7n1muIOvPUFVGmnZnpKUoygpR2ZRWpuTTsP9Sm9rd8qJdDCcrPH8f7xHp7skdWjhhAEAQBAEBqe0g2poz2VF/MQzEKOrylrB/vCOcOxqnaaMtY68cEDJr2tlicX5WDvccxJ42aNOsqbqRTR6VYKrOFRN73cer8X7GWpMeoY8QlqfrHteHHeFhOR1mgMa0a8AQXG3IaC5OY1IKpm/Uhng8TLCxo3St4XWvq/oWFb0gohSCOFkjnumdI8SWs99yQ6YjR4vldlbpdoBNrg6yrQy2W5NTwGJdfNUsklZW8vTy6svqF76fCJJwfrql9szjrd792DflYZneJW8W40r+LIKqjWxyp2+GPh01LdlSJHRU9EXCGAZc1sonqJOowm2pBOuvBoebWAWE7tRhsv1ZvODpwlVr88tv9sVqzLsp4c7aCJz2ticGGQa76eVpY8uFx6Op56NcOxbpK+SPgVJzqWeJmk3LVLySf8AaMtWVAIke1uVkUghYB9yEZpT+y0tH6x5kqTNf5FNQtZPVvV/Pb6mT2cX/wBGwXNzaT5r1JR5EQcRVsTNL+9DZVIUggCAIAgCAIDk9cU+mAICTKXaEYoYYpqKWFm5blkhfkdI0DLnDXMsQbHW6uqvZLMjzM+D9pOTp1E9dU/A9jF6Cui+iiuxBj31BkBkaZnk7vJuwIrnJYZrdtys54TWVNkbw2Iwsu1lCDSVvJfr4kbVkYbI9rXZg2RwDrEZgHEB1jqL8bd6pyVm0emoycoKTVrlFakhNOw/1Kb2t3yol0MJys8fx/vEenuyR1aOGEAQBAEAQGlbWasw0ccgAOWsiNjwIs8FvmCR5qKs7RuXcBHNWsRVSYgxhvDTsjFtC761w839X/D5rnudnoj2FPDucF2k2/TZfobBhPTuphDmvDZRl6twG5XcvQAu3jpbzW0MS46NFevwSlUacG15+OhhcWxgVPWkp4myffiBZf8AXaSQ74EdvJaTqKW61LVHByw+kJtryft5F7hvSZraU0k9Pvo7kt65YR1swFwDwN7EeC2jV+HLJXK9bh8nX7alLKyhh3SAw1EUohaI4nOLYmk26zS0uLjcufY+kezksKraSdtETVMB2lCUXL4n/E/Tw6ehlqfpIfpbakQNa1sj37tp4ukBzPLravN+NuQC37b4720KsuG2w7pOWr0v08OhmKvpIfoj2inYCTI0W+zvXjhpqbnz7lL2/wAOxQhw375Nzfh+htuzz/d0Glv7TTs+uk0VijyI5HEe8zNjUpSCAIAgCAIAgOT1xT6YAgJEbLQ4s2IzfTIpYYWREQxOmh6o4saxri2/Zp58Vc+Cqle+h5v7/AOShlabvq7MqQYdhuGvbVZ8Qe6NwLRuHwtJ4Wc6Rrer2i/vWVCFN5tTWWIxOMi6PwK/rf3NAxKqM00kpaGmSV77DgM7i6w7hdVJO7bPQ0afZ04w8lYtgtSUmnYf6lN7W75US6GE5WeP4/3iPT3ZI6tHDCAIAgCAICP9t0rW4c0uNv8AWo/Pqv4KOrFyjZFvBVY06qlLYiDC6lkjt2wkvyk2ym9gL6afBUJUZ3PWUuKYZRtmLmY5fSBHiD/BQunIuwx9CS0kfYMUgAAMbXEcTrrrfs7NFIk0titUqwnJuNS3ofHYvA4i0TRYm462t25bHTSx1SSfkaQqw1j2jPdTiEL7BsTWHNfS57dNfEe5avVbWJ6VRQlrUb9CuytjbxdbyJ/AIot7GKuLpR3ZkajGIRSk57kSNNsrteu3TgpuynbQ5j4hQU22yVtnMofh0Dgb33h075nlXqaaikzzuMqRqV5SjsbKtysEAQBAEAQBAcnrin0w+rIexKkWK7+GFtDjENExkLGugkAjcJAOsc59O55hXs10ssrHk3RdOpJ16Lm77rUrUFfNTPD6rpDTSxA3fE0iZ0jebQ0C+vaEi2n8UzWpTp1Y5aWHafm9LEW4nLG+aR0bcsbpXuY3hlYXEtbYcLCwVKTTk7HqaEZRpRU3rZXLYLUlJp2H+pTe1u+VEuhhOVnj+P8AeI9Pdkjq0cMIAgCAIAgIz2/UefDo5P0VWw+T2vZ+LmrDMx3IGgrJGWLJHNIGUFpIIbobXHK4UcizDwMhDWSP9ORzv1nE/iqskdahIptf1istaGYv4jw09dPAJ2mXQlN+PP8AJa5VYlU3m3PcspPMpBEGJndlWrflgtrcl1795Y0/mrcTkzJ62TUu7wqnvxdvH+TpHFv+GykRXe5uCyYCAIAgCAIAgOT1xT6YFkEg4jDQ4kyBzcRipTFTMjMMrMoYW8cr7jMCfHy1VqShUS1sedoyxOClNOm5Xd7o+YNhFFQTx1L8Zp37t18kLd49+li0WJtcEi9ufJIQhB5nIziMTiMVTdJUWr+ZpOKTtkmlkY3K180jmt+61ziWt000BAVaTTbaO3h4ShSjGW6SRarUmJp2H+pTe1u+VEuhhOVnj+P94j092SOrRwwgCAIAgCA1fadRb7CqtmW5EBeB3xESC37KwzK3OXDw8x+f8Qo2WIsu6dygkjo0nofSdUN76hpKwFvcrC9vP8v+6wSLzKl+C2iV6zuXGLvLWMZb7Lfcc77fEKdHOkdO9H6LcUsEP6OniZ5sY1p/BSlcyCAIAgCAIAgCA5PXFPpgQH26yD4sAIAEBNOw/wBSm9rd8qJdDCcrPIcf7xHp7skdWjhBAEAQBAEBRrYBJG+M8Hsc0+DgR+aA46lhcxxY70m3a79ZhsfiCo5bliBcQOUEi/SZ6eVgkkVYysMkiVHHq+/8lr4m7ehUj4hSIp1XoZWkpd/X00I1DqiNvcWl0Yv4WDlPEoTOn1IQBAEAQBAEAQBAct0LqcX3zJXcLbt7W+N8zHX5di5EcvifRqyrN/dtLqXO8w/9DVfvo/5K2vT8mQ5cX+KP5P6jeYf+hqv30f8AJS9PyYy4v8Ufyf1G8w/9DVfvo/5KXp+TGXF/ij+T+o3mH/oar99H/JS9PyYy4v8AFH8n9T4+SgsbQ1N7aXmjtflcbngl6fkzKjivGUfyf1JW2IepTe1u+VEreE5Web4/3iPT3ZIytHCCAIAgCAIAgOS+mdOI8Rq2DgKyf3Oe5wHle3ko5E8NjGwlRSLtJn1xWESNntrlhm0WVHO0H9c1qbZtC8o7Fzb8Mwv4X1WyRWqvQ2jZ1FvMapw77O8d4lrZiPjb3KeJSqHRSkIQgCAIAgCAIAgOT1xT6YEAWQEAWAEBNWw/1Kb2t3yol0MJyM8fx/vEenuyRlaOGEAQBAEAQHiWQNaXONg0Ek9gAuSgOR8RqjUTVNQP/dncW3Gt55S9tu8NaRbsUcieKMr0ioI4iA1gFmjh225/D4+UL3LdPYwL/Rv32+Gv4hZRtJnlpRo3Uiryb42+IWttTa5kKPQh3Y4H4rZFeoZ3o3WNpMXppServSxx5WeXNJ8LSg+SlRUnsdKLdEIWQEAQBAEAQBAcnrin0w+t/rn8Fkw720JhwWbo7E2ngbHHM+ezc0kYe/MSG/W5vQu7Sw/DVX49kkkeQxC4jNzqSulH10+XmaftQ6NxUNU3cjLHLHmDb3yOBs5ovrl4HzKgxFNQlp4nY4PjJ4ik1PVx8fM01VzsBYBNOw/1Kb2t3yol0MJys8fx/vEenuyR1aOGEAQBAEAQGj7ZMYNNhUoabOnc2AHufcv/AMDX+9YZlEA4HC174WEgdd0riTplZo0ceILXdnpKNk6LrpPXiR/VdcaWtwsOweFufJaNE0ZWMLIRlaO9xPnlH5FDe54CGyKl+pccna91/wDwguZGnk0CI0ky7xduaJjx9nL5Wsz4gg37luivJHRnQfFTV0FPO43c6IB57Xsux58y0nzUiK5nVkBAEAQBAEAQHJ64p9MCA3LZdgD6qtZKR9VA4SOPIvGrGDvuL+De8Kzh6eaV/I4/GcWqNBwW8v5eJfbUKt1dXmGnY6T6PEWuyDN1gbyHTk27WnsIK2xDc52XgQcHhHDYftKjtmel/wBCP1VO+FgE07D/AFKb2t3yol0MJys8fx/vEenuyR1aOGEAQBAEAQEU/wDqHJ+hUw5fTP8AoyW/NYZtHcgdRsnR6bb8VqSJHsBYJUj1ZDYHx/rsQwX0DbC/9c0NGZKcA0kt+WU+5/d4rdEEtyb9jJ/2TF/xJbfvCfzUiK7N4WTAQBAEAQBAEByeuKfTAshk11cgwTBmhgAnkAF9NZ5G3c49uUA27mBdDSlT03PFxT4hjvifw+yNJ2VPvWTkm5NBOSSbkkmPUntUGHvmdzscasqMEvxI0pVjtoLBkmnYf6lN7W75US6GE5WeP4/3iPT3ZI6tHDCAIAgCAICP9t9BvcMLgL7qojk8Ac0ZP/MWJbG0dznR41URZSsGjsWpIkVWNWLkqQcFkHprFi5kuqioAADff3/wWTRoylLK00zxfjYW5+kLrKIZRe50Bs1odxhlMwjUxl/lK50g+DgpkVHubMsmAgCAIAgCAIDk9cU+mHqM2IJFxcLK3NZJuLSJbdtfgPGhefF7f4K99qXkeX/8fqr+NGLqdpED6pk/0Nwa2mmiLQ5oLt66M3uByyH3rR4hZrpE64LVVNwzq90/HwNGxuemfJelgdFHkAyueXnNc3dmPLhp3KtNxb+FHawsK0IWqyu/yMeFoWSadh/qU3tbvlRLoYTlZ4/j/eI9Pdkjq0cMIAgCAIAgLLGsPbU08sDuEkTmHuzCwPkdfJYYRyVWUzo5HxPFnMe5rh2OaS0j3gqFl+GqKIFlg3y2KjStWiRPQ+ErY1PYstbGzZ44lZbGUznRbCXVdTFTt+3IAe5vFzvIXSGrIazyxOpoYw1oa0WAAAHYALAKyc89oAgCAIAgCAIDk9cU+mBAEAWQEACwCadh/qU3tbvlRLoYTkZ5D/UHeI9Pdkjq0cIIAgCAIAgCAgfbV0VMVSa2Jt45QN6G8WSAWzW+64AajmDfio5xLNColoyLnSt7VHZlrMg4Ea2IHw962sRqep4zjtWptdFSzuNjb+uCzY1VSz1DZW8LrVxZMqkfMmjYjgG7L6uYZXOGSJp9INPpPI5X0A52v2qSnGxTr1M2iJgClKwQBAEAQBAEAQHKC4p9MCAIAgCALIJo2H+pTe1u+VEr+F5WeQ/1B3iPQkdWjhBAEAQBAEAQHl8YPEA+KAtn4ZA7jE33JYzdlvJ0fpHaOp2HxaCsWGZlsOh+HXv9Bgv27tn8EsMzLtmBUo4QMHkEsMzK0eGwt4RN9yWF2XDImjgAPBZMHtAEAQBAEAQBAEBysuKfSggCAIAgPoQyTHsS9Tm9rPyol0MJys8hx/vEenuSKrRwwgCAIAgCAIAgCAIAgCAIAgCAIAgCAIAgCAID/9k=', 2);
INSERT INTO mkt_auto.produto VALUES (5, 'Arroz Tio João 5kg', '7896036094501', false, 'data:image/jpeg;base64,/9j/4AAQSkZJRgABAQAAAQABAAD/2wCEAAkGBxMTEhUTEhMVFhUXGRcaGRgVGRgaFhgXFxgXFxYYGhoYHSggGBolGxgVITEiJSkrLi4uGB8zODMtNygtLisBCgoKDg0OGxAQGy0lHyUtLy0tLS8tLS0tLS0vLS0tLS0tLS0tLS0tLS0vLS0tLS0tLS0tLS0tLS0tLS0tLS0tLf/AABEIAOEA4QMBEQACEQEDEQH/xAAcAAEAAQUBAQAAAAAAAAAAAAAABgECAwQFBwj/xABJEAABAwIDBAcEBgcGBAcAAAABAAIRAyEEEjEFBkFREyIyYXGBkQehscEUI1Ky0fAzQkNic5LhFhckcoLCU2Oi0hUlVIOTo8P/xAAaAQEAAwEBAQAAAAAAAAAAAAAAAQIEAwUG/8QAPBEAAgECBAMECQIEBQUAAAAAAAECAxEEEiExBUFREyJhcRQygZGhscHR8BVSIzNC4TSCkqLxJENTYnL/2gAMAwEAAhEDEQA/APcUAQBAEAQBAEAQBAEAQBAEAQBAEAQBAEAQBAEAQBAEAQBAEAQBAEAQBAEBhr4kNIBm6huwsGYph/WHnb4pdE2MykgIAgCAIAgCAIAgCAIAgCAIC1zgNTCAU3g3CAuQBAEAQBAEAQBAEAQBAcnbrIDak2FiJMQdD6281yq6K50hq7GGg0PEtd5Hmuak3sWaMjGVG3aT8FZSkVcUZRiqoFx6j8FPaMjKWjGVDyHonaE5Cpr1eBnyCZyMpT6VU5+4J2hORl4xVSJj3Ke0IyFwxrxq1O0GQqMeY7KjtRkMf0mqdB8Pmp7QZSw1635yqM5OUqMTU8fRFUQyFxxFQ8CPHj6Jn6kZTGHVDpfzKKbJcUJrHVwAHimdjKjWxldzQSXX5AX98qjqNFlFM6WxmHogXEku61+E6D0hdoXy6nOW+hvK5UIAgCAIAgCAIAgCAIDBjsMKtN1M6OESNRyI7wbqGrqxKdnciex8SRnY4gljnNkWDg0wHdyx7OxpaurnWp4g6ekqybKOxsUcXwI8VKmVsZxWEXCtcWM7Q08lZZSjuOibyS0SczKdHqT5eCON1cKVtC1uHHNQoK25Odlww4/PJTkRGdlj2XgWHPifJQ1yJTLqjGAX+KNRCcjGzENGgAUZktg4so7Fo5jKa1TFmdVRyZZIwVsWRr5f1UOTRKRwq7nVcRSoHsvcczhwa1pcQO8xHcogs0rMu3aN0ToBbTKVQBAEAQBAEAQBAEAQBAEB52G5atQaQ93xKwS9ZmxPuo7GHqzaeCsjmzKXkaIQZMPifz+eCXsibG1RxQOjgohUjNXi7ohxa3RtfSLrrmK2LvpIPh8SpzDKY3YzgozjKWPxnL5qMxOUoK55xPqouTY1quKm1j8VVyuSkYXPPBQSWOrW4FLkWMRfJt+e9Aa1arCq2WRi2IC7GU76Zj/0uHz9yvRXeFT1CdLaZQgCAIAgCAIAgCAIAgCAICCbRblxNUE6umPG6xVF3ma4+qjYovhQijNbau1jTcA2ln6rXXdAl7jTawCLuLso5XPK/OTcnvYvGKscfGMxlVsNOVrg6HZTS7LYAgy9ucvibx0M8RPnYmUF6134b/DbT6mmmny0Ozu1ga1NmVwJ7ZnNIAc9zmMBdd2VpDZIvlC74ClVWZuNk7W5PZJu3K+9jjXlFtJM7hpu5e8R8V6OVnC6KtDxoPh+KZZDQtyVJkjXwTJIXRb0D+XdqPyUyMXRacM8/kXUZGTmRSphn/qtHqLqHCXIZi9uGdOnnIVsjIuhiMO6LNnncI4MXOa+wjn7lzJNWs7UKGWRTdOpmxlhYMdf0C60VqRV9Un61mYIAgCAIAgCAIAgCAIAgCAgO8tdox2UzLmiLHg2ZnTgsVaSz2NNP1TJQP54KEGZs5NOrBjLSqEOHakCRB1EGT5qvZptt9DrRd6kI+K+ZAhszEVhnbTq1Lxm6zr8blZ4wk1eKPrnWw1F5ZOKfTQ5+M2TiaZ69KqLExldoIk+AkX71DpzW6Zop4rDzXdkveZsJhaJpCpUrGescjXMzAAVIGU3kuYzyqBTGMct2zlVq1VVyQhppq07cufhd+426WAw5/bkXAu9g4MJInhdwB0lkauAFskevyOEq+IX/b5X2fj9l7/A1KeCqPD3U2PcxhMuFwAJNy22l5FlTLJ3sanWpwyxqNJvlt89TTz+Kqd8q6F1FrnHK0OceTQSfQIk3sUm4xV3Ze4tqFw1DhwuCL8rqdSE4va3wMTXnvTUiSjYle4UjFw4EOyPseUBaKN89jxuLNPDXjtdEs+ELofOGpjYhQyyNvcukOneeIYR6kLrRfesVrbE1WozhAEAQBAEAQBAEAQBAEAQHnO+bSNoUzAgtEnjxAAvoTbQrBX0qGml6pt4Qjj5KUJF9NwyYj+DV+6pT0fkdaMWqsP/AKXzOZ7PcbUNR1HN9U1jnZYHaLmCZieJ4qmFk75eR7PHKNNQVW3ebt7LPlsX7Nx+JrvxdTpw1tHpGtBptcMsvIFouA0XM6qYSnJyd9jliMPh6EaMMl3Kzer308+vgcehulQp06RxeJNKpVjKxoFpixMHSRJsBOq5qhFJZ5WbN0+K16k5rDU80Y7v8/5OTvHsN2Eq9GXZmkZmuiJEkEEcCI94XOrTyOxuwONWLpZ0rNaNfnIku6NFx2disolz3OY0cyabGtHq5d6K/hSPJ4pOKx1Jy2STfvf2MY3PwzXtoPxZGIcJDQ0ZdCfkdSCYUdhC+Vy1LPi2IlF1Y0u4nvf8+RZsndx9B9erVxBoNonL0lMAucCGukSDAIczgTJhIUnFtt2sMTxCFeMKcIZnLWz2W6/OVje2nsp+LwzXtxjq7S9vRg02MGYuFMlxABloLp8FeUHON81zLQxUcLWcXSUXbXVvS19OWuhqs3Qw3SdAMWfpAGbLlESBm08LxmmFVUI3tm1OkuKV3DtHS7j03/Pka26rajdpvZVMvayo0kaWAiO6L+aindVLPxL45weBThs2n8ySOqAhWvc8FxaNGqbHX0jvUMsjc9nQ69XWw+athv5j8vqVr7E7W4zBAEAQBAEAQBAEAQBAEAQHnu/rJxlAxMAHThN49VixPro00fVZkwz9FAZqbMxecYpvDoKx9yrB+t5M9SVHJKk//aJy9ytq0cPUqPrOy5mtDeq4zck9kHuXPDzjBts9Ti+FrYiEY0lezd9jHsPbVKnhcY1zoq1c+QQTJLCBcCB1idVNOpGMZdWTjMHUq4ii4ruxtfbTX7HUx+PwGM6CrVrmk6n2qZBvcEt05jUcCukpU6lm3axio0Mbg89OnTzKXP36/HZmhtfeChXxtOpUZnw7BlgjWZJfl43IseAXOdWEqib2NWGwFejg5QhK1R6/2udfFbx4LD0suFh2aq15a0OAAztc89bSwgDw4Lq61OK7vUwQ4fi8RUvX0tG13bo0v7stqY3Z7sS3GnEnM0D6vKdQ0tFonQ6c0cqTnnuQqWOjQeFVPR8/bcwM3lw2KZiKOIcaTXuBYf3W5MugIDgWAx3qO1hNOMtC74fXws6dWiszS189b+zUvobz4PDUKVOg57wx4kFpDi0udnfcATeQPBSqsIRSRSpgcViKsp1ElddfcgzHbPbinY76SXOcLUw02cWhpItOg0PNM1LNnuVdPGSoLDZNFz9tzlbo47pto1a0QXtqmOQgZR5ABUpPNUv5mvH0uywUafRo6OysRnaRyj3hInm42lkaM+JMqWZInQ9m5E1QNB485Gutl0wy7z8ilbYnC2GcIAgCAIAgCAIAgCAIAgCA8+9oJjEUjIFgZOg60fNYK7/iexfM00vVLGO6sngCfclyyV5JHM3CAqV6rHaOouB8HOaD8VFDVteB7nFb06cZR3UkSGrujgRMgiLmajreN1aVOhG93tvqYFxfGPZ/BGN26Wz+rIPW7P1rr+F7qrjh0k7rXbXcn9XxvX/ajH/ZPZ3frEdK6Z5RKj/pv3LpvzJ/V8d1+CMp3OwExBmYjpXa8tdVd06Cdr/Ej9YxrV7/AART+x+A+y4XIvUeLgwdTzUKFD6bkfq+M6r3Iu/sVgonI8jue8/Aq6oU2rr5kfrGL6r3I5jtibOGtHEax+01PAGYd5TPCU7Cn0J/VcW/6l7kVq7B2eAPqMQZ4fW2uW3va4+HNT2FMj9UxX7l7kZMDuvs+q4tbRrgi8uNVoIsNSec+idhAh8VxS/qXuR1tn7q4bDudVotcH5XCS9xEEXsTCtGjGOqONXiFevFQm1a65Ihm59cnODrlb6CVlps9XjFOyi11Z2qo71c8VG/7M/23Oe4ze1x4adxXTCcylcnS2GcIAgCAIAgCAIAgCAIAgCAgu/1EmtSjXLzIHaWHEJ9pp0+ppovunMxlb6mof3HD3H8VWWxpwsc1eC8UaHsyfOLqfwj99iYf1j2eNq1CPn9GTGuyK5eWHIHiYablrCQYAv1nG/NY6kcuJdRxeVSWy3sm/m/eeAneGW+tjWZhX5XU3NOd4YBYw1pcXvvoIk+cLPGhPLKnJPNK3LRJu712Vi7mrqSeiuZujcyHMBcP1JEyWtDW2bESLA8pPG3fJKlZ09el1fZWW23h4a8yl1LR+0yvLCSJeS0uIHVgEEuLr2PHXu4rrJwbtd6X0001bv+fMjXfQxipSuB0kXkHKexDuJm5v33VM9FXSzW9j21/v4kuM/A6eHqDLl6wywJMF2gI5yvRoyWXKuXU4SWtyNDEFrbVcaCLQaeaLxMxexnVdS1vI2Q8ioG9Ni5nLdgy3MTOWImPRCPYjpO2W8un6TW42GXQ8NO7XVCuZdDLh8I5jamaq+pItni0A6QO/3JyJTvJHlm59X6yJN2G3fYrz6e59XxmH8G/RkprAkDgup80jf9mUfX69q8zJPO4GvmumE5lK/InS2GcIAgCAIAgCAIAgCAIAgCAh2+w+tpRxB+Kz1tzvS2Ivts5cNUH+Uf9Q/qs0/VPS4bHNio+1/Aw+y8f4qp/CP32JhvXPT47/h4+f0Z6RiKbz2XBv8ApzH3mPctE41H6srey58unFbq5qnBVuGJd/8AHT/BcXQrf+V+6P2L54ft+LL2Uqw/asd4sj7rlKhiVtNPzj9n9CL0+nxLhQP61OmfAnhPNvefUp2cv6oR/PYMy5Nl3QN/4bfcrdlD9i+BGZ9TJTpwDADZ+z/ULrCKjysQ5EcFDEAuyjE3B7T2RYGAIvfQcie5WLXXgZsJRrue0OOIYLkuc6mRFobbXT+uiENpG3U2O5wg4mtrNiBpEaDmJ8+UALEKS6G7Tw5ZTcC9zzDjmdrp6DwCm2gi+8jxndhxbiKR5giPFpErzYbn2vFIqWHn+cycVXWPI813PkEdzcI/pRyI+a0UeZStyJau5wCAIAgCAIAgCAIAgCAIAgIdvt+mojuPxWetud6WzIhvPU+pAnV49wJWWo9D2eDxvXb6IitHEvY6WPcwxEscWkjlIOi4ptbH0kqcZq0kn5q5dW2tiP8A1Fe3/Nqf9yZ5dWVjhqH7I/6V9j0Td7GPfhaLi9xOQSS5xJIsSTrqCtMG3E+Qx1NQxM4pWVzptrH7bvUq9zJYqKj9czvUpdkaFnTu4ucI4kmCouTYy5nfad6lTdkWKOrOntO9UuxYdI7i53mYUXYsee78bXrtxWVlWo0NptBDKjwJJcZsdYIXGpKWbc+p4RhqUsNeUU2290n0OQzbGII/T1/Oq/8A7lzzy6no+jUf2R/0r7DZlQtrUzoA9vpmCRepXFQzUZrwZOsbU4fmJWg+LR39xHdaqOWX5rvQOdbkS9aDgEAQBAEAQBAEAQBAEAQBAQ7fn9JRPcVnrHelzIDvVXGZjOQLj52HwKx1HyPpODUu7Kb56e4jz1yPcMVRQyyPQNyq04UD7LnDvF82n+paKT7p8lxiGXFN9Un9CQ0HTPdztK6nmF7jr3e/wQgsQFxNtNR5oCgHHigDifDkoJPL95qufFVSeYb/ACtDT7wVmm+8fZcOhlwsF4X97Oe0qDaC88PEfJQVaTVmT5tXO1tQRdoPre/mtSdz4ipTdObg+TO77PD16veB8V3o7metyJwtBwCAIAgCAIAgCAIAgCAIAgIdv45oLHOMNa1zieQCz1zRh4uUsq3Z5LisWar3PPHhyAsB6Lz27u59vhqKo01BcjAVBoLHmyhkolO4GMAe+kT2hnb4ts7ziP5V1ovWx4fHKF4Rqrlo/bsSpuKe59VjGABgMVHkdG58Zi0AHMYkS7QX4iF3ukfPRg2a7cViKWGqV6vRVHUg4vbSzN7HWfBeJDgJ6pA01up0vYs6d1dFdi7foYqmKlLMLwWuFw4C7Z0mL63CNWOdmdMgASo0AYdI/HzvohBi2hiRRY+o7RoJ8bTbvJsjdlc6UabqzUFu9Dx81HOJc7VxJPiTJWU+8jFRSitloZQLKCA50IGSbdbaANN1F3aBJb3g6jyJnz7l2py5Hz3FsM1JVls9H5k29n9SatWNA0X4EyNFpozWdx5ng1k7XJ0tRnCAIAgCAIAgCAIAgCAIAgPPPangumNNmctOWRyJzWzDiPwXlY/EOlUS5WPU4bPs3nS1PNMVgqlEgVGwNA4XafA/I3XGE4zV4n1FDFQq7bmJysa0YqxshZG9svZ+KeOlw/UIJayo6wNSDDWyLnUcuHcrU2s6R5nEcVBU5Ut2+R6Ax9LpaeGNcGpSYHVG5iMwIIl89okuzazck6haczy+Z83kvLyOVht+NntdiW3F3lxIblrGSHdGGnK4uJNzBIPIWtKMnZkRyx0M2ArYalSoUcKKgbWYKzKZkltPOHue5xJvo2JOgi0rnUmoLNN25ENXVonbotludge52fLZ3Vc3jYuDAAARNjLY4mbXKZLxvzMjcQJykEONwDF+8EEg+RQo4tbkO372zmP0ZhsCDU8RdrPLU+XeuVSXI+h4Pg8q7ea32+rIcAuJ7qKg3hAbNKmXENALnHQASfQIcqlWMFdskWy92SCKlcwRdrGnQ/vOGvgLeKz1MRbSHvPExWN7XuR2JxuO/wCueBpk+BCvwuTdV+R5GMXcROF7x5wQBAEAQBAEAQBAEAQBAEB5P7X8W+nisO6mbimZB7Lhn0K8/G04zaUj3eFUVUpSv1+hg2PtSliWZYEx1qboPx7Q714tSlKk78uparRnSevvNbH7qMdei7IfsmSzy4t9/gukMU1pLU0UeIThpLU5eA3Wq1K4p1hlpNBfUeHDLkbqAeBMxeLSeC1QqRkrxZrrcTj2fc3PRqmHpmk0MytY2MkRlbl7McIssrc1UvzPGburtkFwm7eCNWpWw1cjE0iSykXsLGPb9nM2XNjQz1bTpC9ZVZuJEacIyTnG6MmH3VwQoivtAZar3OdAqHM8TYZWO67iQTa979123F2TOlWEKlS1FXXu+fTm2SPZeCfUd0xApZgA1uUZmUWy2m0cG6ONwbkmLgLBXwiryU6rdlsl8359EZ4zs3GNvP7HTwdAthoe5uWzWnLlytOUF1sxJAmZGunPVotC1nY4+3slGmXvqU6UuJYCJfLiScrgQQQC49WTwlWjJEdnKTslc8vpuJAJ14zrJ1lZz7KL0VzYwmHfUMU2Oef3RIHidB5qG0t2cqmJp0/WZI9n7nPdBrvyj7LILvM6D3rjKvFerqeXW4nypolWB2dSoiKbAOZ1cfEm5WeU3Lc8upVnN3k7l2JFlzkVib+4Tfran+X5hbeErvy8jhjdkThe8ecEAQBAEAQBAEAQBAEAQBAeRe2g/wCJofwz94rDivWR9LwNXpy8/oQeiCCHAkEaEWIPcsnge7KnGasyT7K3piG4gf8AuNH3mj4j0WSphr6w9x4+I4fKOsCSUsW008zHA9JUaA4QQAyCDrB6xA11cFbCQeez5HlyTWjN6rVDOlqXEUH1WBx0JcTUcOLSJb3jORbRerSjFNy5nCpd2SI1vbtPD1cNTohsuc8OL3tiMsh2T7PWERyB5yq1qice7qzdw6moVXKo7RSd/HwNXcQYZmIc+uWh1OcjzJGYOLeAjjIJ8QqUbRm8z8jRxCq50IOn/VfN7Nrk3GOpu/RVqWamMjg90AtYTlM6giTNjeRaF3klPzPHhJxOFtagMUKnWDgKTgxzeyHdqWEwXdkdbQ8OZ8TGY1QrRhB3tq+nW3uvfzNtFP1miJ4XdmmYc57yY4QPiCV1lipdDbHGSiu6kjr4PYOHYZ6ME/vku+NlwlXm+Zynias92d3DQLaDkNFzvfczM22qyKFHFTcWNPFuVJnSJ0NxD9fUH7nzC28K/my8jPjfVRO1755oQBAEAQBAEAQBAEAQBAEB477aXf4ugP8AlfF7vwWDF+svI+n4C/4cvP6EOZosp9AVQEr3Wyuwk2+pqvJESCC0EgjiCCV59fEzw+ITSupWX57j5/HUl2r95tbepmpQFSDnNTJUd1ZYDFuqSMvVDYk9q83W7At4muouVlrtzVjycTU7KGdLXT5mlRdla1uWm4tiHOD89rgkse0E+S930KGluR53p9SzvzMFCgWmcwJNySIJPMmfkuFThilqpGmlxWUVZxOxu9h2uyy0dQOm0iRLbeJXzGNi6cpwvtc30pKcYytuZ9nuj6Q++UZwJJPZDgYnS5Hu5wPPnFtwhzt4c1bl5/TxOqe7NDCiGt8F6UtWQtjepBUIZuUmqSlzYaFZEHO2htvD0rPqNn7Les70bp5rrGlOWyOkKU5+qiK7T3vcbUKeUfbqXPk0W9SfBdo4aO8mb6WAk9ZHQ9j+Je/aNU1HFzjRfrwh9OwGg14L0MKlGVoqxm4rRUKCa6r5M9qW8+eCAIAgCAIAgCAIAgCAIAgPGvbC6cfTbyoNPq+p+CwYr1kfUcCX8J+f0RD2FZT3zJmQg6m521BSrmm8wytABOgqDs+skeiw4/D9rTut1+fD5Nnn4+ldKa5EspVuhcaVcg0nzBMDL+7bgBFwBBk6XGHD1ZJqdNWkt19fzyPEqQTWWWqZp7S3dqCox9FvSCSDcBwaQdQTeDGi+uwnFqNaPf0fwPCxGBqwl3NUZ6Gw67tWZRzcQP6rTUx9GCve5SGFqSe1jdrAUAKFHrVXmXcxwJ1tGseJPFfN4lrEVHVkrL5nr0IdlBQTucjejaH0WiygIfVfBfo3qDVxyjiQBpoCstDDKpUdR6L3+X39x6OHw8q2i5EfG8bh+yb/ADH8Fs9Hj1Ni4bLqUO9dXhTYPEuP4IsNHqyy4W+bMVTenEmwc1v+Vg/3SrqjBcvidI8Lprc08RjatT9JVe7uLjl/lFvcuiSWyNEcJShsjCxoCk7qKWxjrXUoqyYeyBv/AJgf4FT79NaMN6543GVbDf5l8me2LefLBAEAQBAEAQBAEAQBAEAQHiPtXfO0j3UqQ97z815+J9c+r4JpQv4v6ESDlnPZuXZ1ATMNW6ktZNWZLdg71tytpYu+WMtWJ07OcC8j7Q815eK4fm71LT8+Xhy5dDyMRg3F3ht0+xI9lYdwh1HEh7LmBlcDIte8DTgDqTJXBVmnlnDX85aP3nmSptbm+zCYhzQKuIyjiWgNmx4wCOB1/V5GB6cKkHtH3nBxfU4mO2/hMIHNw5FesZuDIb3OqcRI0F+avKm5+sa8NgqlR7WXUgeKxD6r3VKji57jJJ+A5Acl0VkrI+ho0o0o5UYnhDtcZUFy3RBcvFRTYq2UzIVbKKSpMfZM+NoDvo1B72O+S74f1zyuNK+F9q+p7YvQPkwgCAIAgCAIAgCAIAgCAIDwz2mAnadafs0o8Mg+crzsT/MPrODL/p17SMZFwuesbWC2c+sS1moaXGdIEcvFTFNvQ5Va0aSvI2a+7lVoGZzLkgdqSQHOjs6w13pCv2bRxjjoSvZPTy+/iWjdyplc5pY4NzgwXSSwwQLcTIHOCoyPkS8bTzKLTV7fH2lTu3VZLpa24Egu1LyxosJucpHc4d8JU29ynpVGeiTf/F/zxDdjVKhymqHSQBmdUIM9IZu236N+vLvCRhZ2ViHWpQWbK/h4ePiiytsdzJEsMZpykkdVrXwLXlrgRHuUOLO8MRF8mr/dr5osOzn5STY36hDg8wWg2jm9tjzUZWW7eN7fHlz+zNh+79QZpcwZc03Ng0ZiTa3Vym/22faVuzZyWNg7WT1/PzyfQtZsGqZALcwExJkiS0RaCS4FoGswoyMl4yC1d7fj+WpQ7AqTllszH60EiC4AlsGAR3cpU5GSsZC17P4fcrU3fqAZszMvVEy62Yw2Rlm5j17jE5GU9Npt2Sd/scx1MgkHUEg+IsVQ1XurlCpIZMfZMAdoX1FGpHjLB8CV3w/rnl8Z/wAL/mX1Pa1vPkwgCAIAgCAIAgCAIAgCAID5/wB8Mf020MS/gHlg8KUU/i0nzXmV5Xmz7LhkOzw8V4X9+px8y5WN9zobIYHOINQsgAgh2W+YDXzP487RRwxFTKl3b+y/I6Rw0NaW4lxcRBaKobliATM6NiI42ggK+XxMvbXk701brlvf+7LalBrcxOLflABBFSTmcSHWBkwMhNgTN44MviSqsnZKmr+XJfjMVOgwOLfpD2DqNaA8HV1RsEi0ZGgjQNFQAzxjLbmXdRuN8ie99PBfV2fWxkZhAXZjXfdrT+kbnzdcOaXE3LBAnjJiJTL4lXWajZQXPk7W019v2NHH0g0NDa2YBrol0gtysPVAktDi5zcp+wZ5Cklbmd6U8zbcLa9Oeu+17b3XU6NLB029WniXNbLrh4a2WuY02tMgug8YF4ub5VyZnlXm9Z003pyv1f50MeFo6jp3taMojpOyXNpHLIIBIzvbOnU8Qij4lqlRbqCfs31evwT9pk+hXAfXe0RTOV1QSHkkOYZNi1uS8cfJMniVdfS8YJ7625dfbqYawDSz66q9pewENfmJbmeS1rQe03K2+hL5EcYa8WdIzzJ9xJ2fK3TW/R3fu1Nj/wANd1QyoWvlwIpucTAaXMkOcC2ASzuc8g998nRmf0lK+aN1pvbfZ7L2+RHsbSFOo9kk5XES5uUkA2OUk5Z1jvXNqzPQpzzQUuq8zXKFiS+zeoRtLD9/SD/6nn5BdaD/AIiMHFI3wk/C3zR7wvRPjwgCAIAgCAIAgCAIAgCAID5kxNfNVqP+097v5nE/NeTLVs+3w/dil4L5GIuUHVyKZ0IzDOgzlprDSRKE5mVFRCM5t4PHhoIyU3X1cJIjgDwUp2KTjmfrNGZu12z+hom8xl8DFj+bqcy6FOyf72XDarf+BRP+kpmXQdnL9795o1a0uJgCeA0HcJ4KrO0ZNK1y0vn88tEJzFM6EORfSxBaZaYNx5EQQQbEEEiDzUrQrJqSsyyriC4kuJJOpKghNJWRRrkLqR2d06xZjcK4H9tSHk9wYfc4q9N2mvM4YtZqE14P4an0QvUPiwgCAIAgCAIAgCAIAgCA528O0m4fDVazzAaw+bjZoHeXEDzVZyUYts60abqVFBcz5rpgwF5R9ldX0Kv5IHIQhW5aT3KSCf7t7RP0TC031Q1pq4jMOpIp0qRexpzA26SDfVaIPuo8jE0/4s5Ja2XXdv7HP21u5hm02tpPYx5qUmUqj64cys17JfUc0T0TQ60wolCNtDtRxVVybkrqzbVttdvE7VfYeEeKLarmPNKnToVnMrtY2g2nSL+kA/aEvcRxFvFWcYvczxxNaLk46Xba03u7W8C/D7Iwj6TaNR7eiaKJpP6amHVi5rnvka0xm6t+fMSmWLViHWrRm5x31urPTX4kP3twzKTqTKQynog59POKgpVHEkszjXgbkxK41Ek7I9PC1JzUnLXXR2tdeR1mvwzm5qeDe6OVBxaQQRq0ESHQ/wABl4kK/dfL4GN9snZz/wB355fE0g2gC4lrGAmwrMc1wGQA9UAQJzDWZAMcTFonS9WyV2/J/U4u18nSTTc0ggdlpaLW0PPVc5WvoaqTll725p5lB0uJlCUy5qgm5lp1i0hze00gjuIMj3hC17pp8z6aweJbVpsqMMte1rge5wkL1k7q58TKLjJxfIzKSAgCAIAgCAIAgCAIAgIV7RME7EtbRmo1jYecrZDnXABtcDXXU9yyYlt6I3YKr2UnKyvsed/2TJMMNV3+Wi4nzgrKoSeyPTfEUt18TN/YDFHs03nxa1v3nhdFRm+RV8Uh0Nj+7XFxOUzymnP31bsJlf1WPQrS9mmKOrSPOn8nlR2EiP1VdDYHstr8x5ub8gVPo8iv6s+hs4f2T1P16jR4En/YFZYZlXxaXJGz/dOB+0B8ZHwCn0bxKPitXoZ6Psqp/rOaPDOf9zVKw3iUfFK3I2GeyzDjV4jua8f/AKKfRkVfEa3UzN9mGG4vfPMTHoXH4qfR11KviFb8Rm/u5oRBqVD43+Kn0ddSnptQsb7MsLMuc4/6W/MFPR4k+n1upe/2a4Th72s+TQno0R6dW6mnV9l1EzFRo5fVn5PCj0ZFlxCsuZzqvssI7LqZ78z2n0IcPeqPDPkztHidTmXYT2bQetTB7zUMe4D4Kno8y0uJza0fwPQNh7N+j0hSGUNGgaIAB4Dzn1WunBwVjzatR1JZnudBdDmEAQBAEAQBAEAQBAEAQBAEAQBAEAQBAEAQBAEAQBAEAQBAEAQBAEAQBAEAQBAEAQBAEAQBAEAQBAEAQBAEAQBAEAQBAEAQBAEAQBAEAQBAEAQBAEAQBAEAQBAEAQBAEAQBAEAQBAEAQBAEAQBAEAQBAEAQH//Z', 8);
INSERT INTO mkt_auto.produto VALUES (9, 'Cerveja Skol Lata 350ml', '7891149001234', true, 'data:image/jpeg;base64,/9j/4AAQSkZJRgABAQAAAQABAAD/2wCEAAkGBxITERISEBMVFhUXGBcVFRgVFRgVFxoVFRoXFxcYGBUYHSogGBolHRgXITEjJSkrLi4uGx8zODMsNygtLisBCgoKDg0OGhAQGy8lHyYrKy0tLS0tLy0tLS0tLy4tLS0tLS0tLS0tLS0tLS0tLS0tLS0tLS0tLS0tLS0tLS0tLf/AABEIAOEA4QMBEQACEQEDEQH/xAAcAAABBAMBAAAAAAAAAAAAAAAAAwQFBgEHCAL/xABJEAACAQIEAQcHBwoFBAMBAAABAgADEQQSITEFBhMiQVFhcTI0coGRobEjM0JzssHRBxQVJENSkpPS8FNUYoLhoqTC4xdjgxb/xAAbAQEAAgMBAQAAAAAAAAAAAAAAAwQBAgUGB//EADkRAAIBAgMFBQUHBAMBAAAAAAABAgMRBCExEjIzQXEFE1FhoRQigZHwFjRSscHR4QYVI0JiY6Lx/9oADAMBAAIRAxEAPwDd1aqFVmbQKCT4AXMGUm3ZGsK35YBmOTBkrfolqwUkdpUIQPaZSeMzyR6OP9Ou3vVM+n8nj/5hP+S/7j/1THtn/H1/g2+zv/Z/5/kP/mE/5L/uP/VHtn/H1/gfZ3/s/wDP8imH/K+pdRUwhVL9JlrZyB2hcgv7ZlYxXzRpP+npKLcal30t63NoI1wCNjrLp5y1jMAIAQAgBACAEAIAQAgBACAEAIAQAgBACAEAIAQAgBAGnF/N631b/ZM1loySjxI9UcxrsJxj6OzMGAgHl9jAOo8L5CeiPhO0tD5vLeYrMmoQAgBACAEAIB4aqo3IHiRAPBxdP99P4h+MAyuJQ7Ov8QgCgN9oBmAEAIAQAgBACAEAIAQAgBAGnF/N631b/ZM1loySjxI9UcxrsJxj6Oy38ncLw2sKdI4fHVcQV6YpGnlv1kXYZV7zaWKapysrNs5GLnjKTlPbgoXyve/5ajrlzwThuFpZKDP+dEremagfIN2z20Bt1X/GbVoU4Ky1IuzcVjMRPamlsZ52tfoUV9jKp2zqPC+Qnoj4TtLQ+by3mKzJqEAIAyxmPCHLpftO3/Mw5KKu2Dz+cAjV28FGX3kSvLF0lz+RtsMjuI6g5c/+6o3wBMgn2jCPJ+hsqTKhxLhoY9J1Htb4yrLthLSHqSKh5jNOSlI6nEW8KQ/qmF2yucR7O/EXTk1RXavf/wDMfjMS7ZtpEdx5jqlgUH7RfXSX8Zqu2J/g9f4MugvEd4ajTB/Zn/YB75NHtVv/AE9f4NXR8yZwuIQfQt3o5X4WliPaEXrFmrpPxHb4wgXQ1B3MVce83kscbSeuRr3bFeH8YztkYa7bEe4yzCcZq8Xc1aa1JabGAgBACAEAIAQAgBAGnF/N631b/ZM1loySjxI9UcxrsJxj6OzZPAOUq4bC0MMOHVi1ZL5qLlXrW8p1KDP7DoJdhUUYqOzr6nnMTgnXrTqusrRfPSPgs8iB4u+Fq4WrVwvD3o5XVWrNXZ8rEi6lGNyT22kU9lxbjG3mXqCr068YVayd02o7Nrr5FTfYyudQ6jwvkJ6I+E7S0Pm8t5isyahACAV/jeIUOAN+vtnFx9Vd5bwLFKOQnVxhVdtZU28jexXuI8Uc9dpDKRukQ1SsSdZGbAtQ9sxZAyah7YsjJ5LmLA8iuw2M2RgkcJjGANvX3/jJVJo0aHtPiJtab7Riw85N48NWs+47e0SXBVNiqrmKkbxLvPQlQIAQAgBACAEAIAQBpxfzet9W/wBkzWWjJKPEj1RzGuwnGPo7Nwcn+HF/0NiRVpBKFBg4Z7Pd0IGUWt19ZE6EI32JeCPI4mts+0UrO8pZZZZMguMcGbCcLxiVKtFmqYinUUUnzdHMN7gayOcdinJPmy7h8QsRjKcoxatFrNeRrt9jKZ6A6jwvkJ6I+E7S0Pm8t5isyahAEsVWCKWPVIq1RU4OTMxV3YrGHTnKhqN6p5pz25tst6Kwti1BFprKdgitY7CNeQuaJENKeAY9Uw6iMjunwZ+yZW29EYujL8IYdUw3JaoXQ2q8PfqHj4TCqLmZsNKmFYX0kimjBnDlgZupIxYkKYuJKjUQcmm61B65pLLNGUbH4RjRVpKw3656HCV+9pp8ypOOyx7LRoEAIAQAgBACAEAacX83rfVv9kzWWjJKPEj1RzGuwnGPo71L5w3klhqg4bRKua2J/Wa1QHorhwrHmwL6E9EXte/jaWo0Y+6ubz+Bwa3aFaLrTTWzH3Uv+V9fzPHKHB4Gtg8RiMHh+ZOGrLSuGLCqjHKDr1637e83iooSg3FWszbCVMTSrwp1p7W3G/R6lFfYyqds6jwvkJ6I+E7S0Pm8t5isyahAIXjFQuwpg2G5nF7Qqucu7RPSVlcxRw4AlanQUUbuRhqa9k1lSphNkfxDKBsJz66SdkSxuMqFYAzSnLZZs0IcR5W4agctSouYfRXpN6wNvXadeiqklkjEcNOeiICv+U2hewo1m/gX/wAjJJ4WcuaLdPs+T5okuCcssPXazUai95yke5r+6Qw7Nk3nZ/M2rYCpTje6JRcXhqhPMurEbrfUeKnUSnXw7pO1irKnUhvodYbD023UTFOKZE2x8vDqX7gl2NOLRHtMRxPC0IIFxIqtHLI2Ug4IeZfLfQzbs6u6dSz5mKsbq5Z56YqBACAEAIAQAgBAGnF/N631b/ZM1loySjxI9UcxrsJxj6OyycP5b4ujhxh6Zp2CsiVCl6qI2pVXvt4g207BJlXko7KObV7LoVaveyvrdrk2L1sVWrcJsDTp0MPURGRFIaq7DR3bY77W9uk2blKl5IjjTp0sdndykm7vRLwSKm+xlc6p1HhfIT0R8J2lofN5bzFZk1CAVetUP54w7FnnMQ/8zLUd0kxtLC0NRNhvaQz8jKILjdcKpZiAoBJJNgANyZypJynZE8F4GqOP8sqlUmnhyadPbMNHf17ovdv29k7GGwMafvTzfojpUKEVnLUrVNrTollgp1mGSU3mXDkmdD4Tekb4rNIheOVmSvmRiGBupBsR4ETSSTumRy3LPQvv5P8AlWa7CjXIFUDota3OAeGgYC9x17jrnMrYXu3tR0/I5WJw+wtqOhsdDpMx0OeYqNpfWazd43QWpEM3yqeMoUOKiWW6W9NhPXx0RRZmbAIAQAgBACAEAacX83rfVv8AZM1loySjxI9UcxrsJxj6O9S7cH4dw9qFJquE4i7lQXalTJpk9ZU32lqEaeyrpnExFfFxqSUalNK+SbV/iK8oK+Gp4Crh8LhcbSD1KblsRTsl10tmvoe6Zm4qm4xT+JphY1qmKjUq1IOyatF5/Iob7GVDunUeF8hPRHwnaWh83lvMVmTUIBU6nnr+iPvnm8Rx2W47pLHaWORoJ1JDU0Mo1B+VXjmaocKh6K2NU9r6Mq+A09Z7pvgaFv8AI9XodbD0dmn3j56FR4BwWrinK0wAo8pz5K/ie4e6Wq9eFFXl8iR1VBZl+4byMwtMfKKardrmw9SDS3jecyWPqz0yKs8TN6ZEonJ/CHT83pW+rAPtGsqyxVZPeZoq1Rf7McryPpopfDXGlzTJLA+iTrfuN518Di3LKfzJljpP3anzNVcpD8qZfep0JvIR4JWZaishsykMCOojUTDV1Y0XvJpnQfB8YK1GnVH0lBI7Dsw9RBE57jsto4VWGxNxHlQ6GRVNDREEW+VTxlGjxUSy3S6JsJ66OiKJmbAIAQAgBACAEAacX83rfVv9kzWWjJKPEj1RzGuwnGPo7No8mqGNOFwynii4c1VthaJpU2JVdBdt9dO3cbnSXaansr3rX0PMYueGVabVDas/ed2symce5Q46pzmGxVdnCOVZSEtnpkjdVB0IledSb92TOxhsHhoWq0o2usnno/iQD7GRF46jwvkJ6I+E7S0Pm8t5isyahAKlVJ/Pm8NfYdfd755uvxy3HcJfqk98jQQxdYIjudlUsfBQT90jktrI3hFykkuZz1WoVMTiAn06rEsTsCxLM1uwC59UvSlGnC70R6TFpU425I2bwnBJRprTpiyr7SesntJnnq1SVSW1I4bbk7segzWJqxSjvI5GUWPh/kidHC6EMzR/5SKAp4+uq7XDfxqGPvJnYoy2oJnXpT2qMWQnCj0hJSWJun8nWJZsO6sLZKhC94IU9naTteVK6965y8av8l/ItNfaVKmhVRAn52n6Uo0eKiSW6XZNhPXR0RRPU2AQAgBACAEAIA04v5vW+rf7JmstGSUeJHqjmNdhOMfR2bAwHKXhuTANiFxPPYVEC82EyZlIPW1yLjultVadot3ujgVMDjNqqqbjszb11IjlTjeGVhUqYVMSK9SoahNTKE6bFn0DHt0kdWVKV3G9y3gqWNpuMarjspWy1y05FVfYyA6Z1HhfIT0R8J2lofN5bzFZk1CAVN/PX8J5vEcdluO6SgXW/d+EmUeZpciuVNQDC4gdZpv8La9m8xGUVUin4lnCL/NHqjWHIrB3q16p+iqovi5Jb3KPbNe0Z2jGH1kdjtOWkS3UGnJkcgVhBiWL4hToIalZgqj2k9ijrMzClKpLZijanCU3aJbOGuDTDbAi+ulha+svYZWVivUWdjRHLvGCtjK1QbFrDwUBQfYAZ2KcdmKR2IQ2KaiRXC/KEkN4m6/ydqfzdiet/gq/jKmIfvI52OfvroWmsdPUfulSoymiv/tafpSjQ4qJJbpeE2E9dHRFFnqbAIAQAgBACAEAacX83rfVv9kzWWjJKPEj1RzGuwnGPo71LDwTkbi8SoqKgp0bX52s2RLdo62HeBbvk0KE5Z8jn4jtPD0Xst3l4LX9h5yr5P4TBUhT5962KYI4yrlpCmxOo7b27T4CbVacKatfMhwWLxGKntbKjTV153Ki+xlc6p1HhfIT0R8J2lofN5bzFZk1CAVJ/PX8J5vEcdluO6SyyZaGg04hhBUR1N+mjIfAgj75FJJSU/AkpzcJJ+Dua35GIRSxCsLMKxVh2FVUEe28j7Qd6kX5HX7SkpTi1pYnaU57OcRvH+O0sKt26TnyEG57z+6vf8ZYw+GnWeWniSU6Tm8jXGM4k+JrK2IbQsBYXyohIzZR4esztwpRpR2YL+TpUoKCtE2diOVIrqaWHB5vrYixfuA3C+89w3jwWFcFeepBDBunac9TWXKP51pc5lio9BtwzyhBpBm/+TOCNHDUkOjWzN6Takeq9vVKE5bUmzkYipt1GyUrera0r1FzIkQH7Wn6UpUOKiSWheU2E9dHRFEzNgEAIAQAgBACANOL+b1vq3+yZrLRklHiR6o5jXYTjH0dlr4Zy1IophcZh6WJoIAFVhkdQNBlcdYHXa/fJ418tmSujlVuzU6jq0ZuEn8vkLcs+IYDFouIoVKiVkWnS5iov7NbgEML3tftPgJtWlCa2lr4EfZ9HE4eTpTScW29peJTX2MrHYOo8L5CeiPhO0tD5vLeYrMmoQCo1PPn9GeaxHHZbjukup+A++Txaav5Gh4eRT0MoquO4etOpVdP2uVmHVmUZSw8Rl9nfOfUqOVovkW+8copPkVLlJyoXD3pUrNW6+tU9Ltb/T7e+1h8G6nvS0/MlpUdrN6GvK1Z6jlnJZ2OpOpJ/vqnahFRVkXVlkjzRMMlg3cunJc9E+EkgSVtEVjjds7BRYAkewm/jreYIJ2tkWT8nPJ81Kq16otTXpICPLYbH0QfabSpiK6XuR1KdetsxcVqbiBIBII8T799NpWV7HMHFcnL/frmtTQyivqflk9KUaHERJLdL0mwnro6IomZsAgBACAEAIAQBpxfzet9W/2TNZaMko8SPVHMa7CcY+jstXDvygY6jSp0aZp5EUIt6YJsNBc31k8cRNKyOXV7Iw1SbnK93nqS/KfiTV+FJVxrUGrvUVsMKYtUFP6ecdQ37r267SSpLap3lryKeDoqljXCgpbKTUr6X5W/Q16+xlQ751HhfIT0R8J2lofN5bzFZk1CAVGqP15z3TzeI47LcdwlR1WHV2/dJEmmaGKhmkzKIDjE5j3ieJqzlFyQdS1XDAupuzJu4J1JXrce/wAZ18PjoytGpk/Hl/Bdo1lpIqR750UWj3R1Mwzem7svfI3BVKoK01zGwJ1tYHtPV1zZTUVdm+Jqxgk5OxJvyIRanOYkhze4QeR/uO7eGg8ZzcRjZaQy8zm1cXt5QViy8LsCBa2mgtoBpoOrslKm8ylIsdO1tdpcWhEzNQi5tvlGvVbW33zSoZRB/tafpSlR4qJJaF6TYT10dEUTM2AQAgBACAEAIA04v5vW+rf7JmstGSUeJHqjmNdhOMfR2bI4bwKi9fgoNBTTqYdmrWTRmyMQXIGpvbUy6qabhlyPOVcVUjTxNpu6ktnPz5EKvD8nCcUz0sr/AJ0gVmSzZLDQEi9pFs2pPLmXO+28dTUZXWw72fMqD7GVzrHUeF8hPRHwnaWh83lvMVmTUIBUXP68/hPN4jjstx3CXWTLQ0PLyOpoZRAcZnLe8Tx0IlIZsRnGOT+HxBvUSzm4zp0W26zs3rBk9HFVKWjy8CSNWUdCt4jkDVBvQqq47HBQ+0XB90vQ7Sg95W6ZlulioreRO8neF4vClSabq+oXKOcBsLkHJcAEA72l6FajUVr6ktevRqq1/wBCcfi3PEhkem6jpK6MvrViLEe8TlYqlsO6d0c2pS7vRpodcMHSvIqRDIsGFSwsTfffvlyKyImL1tpipoZRX/2tP0pRo8VEkt0vSbCeujoiiZmwCAEAIAQAgBAGnF/N631b/ZM1loySjxI9UcxrsJxj6PzNncAxeLqYWgmA4pRDrTVTh6tOmjKRuFYqSw7NPXLsHJxSjL4HmcTTowrSliKDs3vJvP1/X4EBywxnF8nNcQz83cG/N08hYbfKU137r+qRVXVtaehfwFPAOW3h97q7/JlPfYyudY6jwvkJ6I+E7S0Pm8t5isyahAKhUP68/hPN4jjvqW47hMrtJ1oaCdQSGoZRA8anMlvE8dCJSGbHsGYAvQGs1YZYMHUG1tQLgm3XuB/f3S/h5ZaEMkQvFnZtSLH1/eLyKbbeZtESwBI21maQZYMEzFQWFjr2jrsDY6i+8vQ0InqL1jp6prU0MogP2tP0pRo8VEkt0vSbCeujoiiZmwCAEAIAQAgBAGnF/N631b/ZM1loySjxI9UcxrsJxj6Oy5cLwnC6WHSvWXEYuplBdEVlo02IByvUAA0uPpHwlmMaajtO7ONWq4ypVdKDjBcm9Wun8CfKHlViMXhiiYdKWEpsgIQFgG+ipqGwv3ACYqVpTjZKyNsLgKOGrJyntVGnr65fuVB9jK51jqPC+Qnoj4TtLQ+by3mKzJqEAqFU/rtTwnmsTxmW47pMiWFoaFdx3E6z4ipQoNSQotxzoZs7WBsLEWGveeubSpRUNqV3fwLtOjBU1Oabv4cio8d5WvTxVelWCZKSL5IOdqpWn0F6RB6TN1aASp7GpwUo6t/CxY9mj3UZrV/kMMJxTH1LotKkKgAZi2YJSDaqjakvUIsbAC2nbonRw8PebdvV/wAfmRbFNZt5GOHco6yV3w+NVAwVmVkvboqamtzqMoJvptaYqYWnKCqUnl5/IzKnFx2okryJ4tWxNJqlYILPlXIpANgpN7se33SDGUYUZqMTFeCg7I2DhbWF7XG2uuukmoWsUpEDxhm5xgRp1b+29reqQ1dWSR0EuGnXSZpGJE3hcOcwc+VYjvtc2Btp2Hx8ZbinqRtj2ttFTQIr/wC1p+lKFHioklul6TYT18dEUTM2AQAgBACAEAIA04v5vW+rf7JmstGSUeJHqjmNdhOMfR2bi4CcUq8Jo0UP5o9AnE2pgoTUVic7W01N9xe+s6MNpbCWlszyGJ7lvETm/wDIpe7n4PkVXlzicZzQo/mrYbBU2C01y2DEXCs7HUk7279bnWV6zna1rI6nZsMPt7febdVrPy8bFGfYysdo6jwvkJ6I+E7S0Pm8t5isyahAKi4/XnOliPX6xPNYjjstx3SYG0sLQ0KbyjwdWvUXm6D06qvbndAnNgnK2a/lDont3GsmjJQi7yytp5nUw1SFKL2pJprTzKTxrk7ian51icjpW57nKQNrlAWJsL7i6EehbrkCxVOMo075WsyxUr00owi7q2fUxjeLYhMMalGhUV6jFqzMjXpvlUGykXINtG2AsN5FCjTlUtKSaWi8frwKsIRcrN6aDFOEYipSrYtxzlWquSkqEGyvZWYkGwAS4Av166yV16cJKksktfrqSbcVJRWiLDyMavSWnQfDGmq5mao7DUlr2Cjr1HXsJUxndzk6ind8kiKtstuVy8JRrFi6sbc5SAUfuZ6Rc3voAA4t13PdFBZFOTRB481stLMKmYAh76dK3lE31mtS13cyhtwZK/PUTdsgUc4D1tlrXOp7cntXsm0XHMSLzQO3htLUSJninVLKxNtzYDcWNrHv0kUm2mZSIYfO0/SlKjxUSS3S9rsJ6+OiKJmbAIAQAgBACAEAacX83rfVv9kzWWjJKPEj1RzGuwnGPo7NhcPwmLz8Mw1LH16a4jD85vdaeVGYKqgjSy23lxKXuxUtUefqVKGzXqzpRbjK3W71ZEV6tevw2tiK+Kr1CmISkEZ70yCAcxU9evbI3tSptt8y3BU6WMjTpwSvFu61Km+xlc6h1HhfIT0R8J2lofN5bzFZk1CAU+p5+/hPNYnjvqW47hMjaTrQ0EaxbqCnxJH3SKobIr3Gmqfup/Gf6Jzns7Wb+vmTIiqb1OtV/jJ/8Iajy+vUye7v1Kvrcj/xmMuZkdUASCDbUWPWPVNbpAsWCVlpgADQblj8Msv0L7JDK1yC4qKg0bKT1nNv/wBMhqLPM3iNsE7i9gt+q5J16ri217dczStcxImcM2Jy6qubW2gHhpmI98uryI8iScnIM3lWF7dttbTWrkmEQVvlad/3pQocVEstC9rsJ6+OiKBmbAIAQAgBACAEAacX83rfVv8AZM1loySjxI9UcxrsJxj6OzY3CuVmGp0cHiKmCrs+HQYdKwbKmbIQyjXK2mbcEiXI1opJtaZHna3Z9adSpTjVilJ7Tjz1yI7lHxXDjBDD4fBVsOlZ1rq1Riyvl0JBYm+ltjNKk47FlG18yxhMPVeJ7ypVUnFOLS5ehSX2MrHZOo8L5CeiPhO0tD5vLeYrMmoQCnVPP38J5rE8d9S3HcJsbSwtDQg8Y+J6ZQNdQ5UFRZitUkLe3XTsPX2zMlDn9ZfuWoKllfy+GX7lf4y2ICOC1QsKwUEIL8zcAlQKZvcXOzeI6ue1Tc1paz+fzJnsXVvD1IPF4jFCrXAzinnpCnlQMcvyXOFegxOhfqa+tgMuu8IUnGN9bO+fW3P9jEVFpfE9ivjOcpeVkNWtn6ANqQqolPZLi6ljvt0rkDLMbNHZfjZWz52z+vgZtCzPWBxmNy0SA7O1JyytTygVgGK5iUUAXCgAEbjVgcwShQu9LXXPl8/ryNtmnd30v6Fz4fiawQFedqDMtzUoim2QXNQAAC/UB0RubFuq3RjG2dtOTIZwg3nZa6O/QrfF2xhcF7gc4wGVF1pc3UZcwK6HOqLp294tHUVL09br9DZqlb3fD1EMG+LK0TTLXFGq1TMq3aoMuRbFBY3LW0A01v14pqmpS65dPUx7md/H0LbwitXzItYG2QgkgfOBu4bEEAHS9theWXs2yIaihb3fH0JittIKmhFEr4+dp+lKFHiIklul7TYT18dEUTM2AQAgBACAEAIA04v5vW+rf7JmstGSUeJHqjmNdhOMfR2bB4rw3E4vh3DhgV5yglO1WmhUEYhdGZlJFzqbeJPXLc4ynCOxp+pwKFejh8VWdfKTeTf4fIT41Qr0ODrQx5+VNZThkZgzpTRbNqCbKBcW6rgdgmJpxpWnryM4edOrj+8w+7svafJsoL7GVTunUeF8hPRHwnaWh83lvMVmTUIBTao/X3PdaeZxPHfUtw3CbXaWFoaMg8Twh2zaqoLOTlJuc4rWY6eUOcUf7d9hNp1Vb68i3GtFW+H6fsVbj3A65zWdblqTZs5BOSiUceRdbvre5te9gRrSWIpqWa8eXn+xN3sGsl4/n+xH0uG4gOCGUKK7VRdmYlWstjcAeS1QjwUa+UDrUms/C2n15Gu1H0FMLw2uFcEgE0Gpk847c5WO1U3HQ69tel/pE1nWptrrfTReHmYcoi+H4ZiLYoZ9alMrT6Z6L2YX7t11HYZh1qbcMtHmbqcU4t8mWbh+DxOWz1VLfKsbEjMKgyiw3AXql6lUpWsl4ehHOpSvkvD0ITi3DawOIFwQ4plL1GvmXyhfL0V0FtCbk62sBBUqQ2o+V+Q24tL4jTDcJquzWKrm5y7Co5Yh0ZRSIy6KrMCCP3AbAkzNKtHK3llbw5/EwqkY2+BY6fCHAALKxKlQ7XzAFChGg0UkhjruTodCLUaq8DXvo3vYnwLIBYCwtYbaC2lgNPVK9R3uQXzIEfO0/SlChxEby3S+JsJ6+OiKJmbAIAQAgBACAEAacX83rfVv9kzWWjJKPEj1RzGuwnGPo7HOCx9aiSaNWpTJ35t2S9u3KdZlSa0ZFUo06m/FPqrnjE4l6jZ6ru7bZnYu1vFjeG29TaEIwWzBJLyyEH2MwbHUeF8hPRHwnaWh83lvMVmTUIBTann7+E8zieO+pbhuE31SfkaCNSmf3m/6fvEinkbIr3GqTf4jexP6Zzm1taEy0ImlTb98n1L9wmW14GRXI2nSt6hNbrwMi9OmTYXOa412Fuv1zF0Cx0KWzC17Wv3XF/77pepaXIZELxkG56XuEiqPM2iNeHqb3NQj1L96zNJq+gkWLDKSB02ItcNZPd0eyXY5kTHNXRbXJNtza579Baa1NDKK8nztP0pQocREst0vybCewjoigZmQEAIAQAgBACANuJUy1Gqqi5KOAO0lSBMSzTN6bSmm/FHMLAqSrCzDQg6EEaEEHYzi2Po6almjGYdsGQzDtgHulSZyEQFmY2VV1JJ2AAmUm3ZGspKCcpOyR1DQWyqDuAB7p2UfN5O7YpMmAgFOqH9efwnmcVxn1LkN0mUFh27fGTxyiR8yMx9FgQdWBNrBmR7m50ZTewF9uzaV5pkkWV+tjbu1JiWK3ykqUYqLEBgQNbMuo310FrmpUp/7IkQzxFRgAF+kwW97W6+sHe1h3kTEUnqbHha7LUCWLXFyAQSP9VzbTtHeJtsqUG9DBKU3sZXaMkg1Vip1PksdGZdApN9COv8AvW4t0nkRyI/iBN3DEmzEA9drAj4zWepshvSDllCAldb2fmz1W6Y6Q0v5Ot7agXklG1zWRJ4OrUpqxAByE2VSxuFzHLdmNyQp1sNbS4jRk5VcFbjYi4PcdprUMRK7TPy1P0pQocREstC+0fJE9bS3FYovUUkhgIAQAgBACAEAi+K8V5ohVF23N9gPxnE7U7XWEkoRjeWvQt4bC96tpvIjjxxv8NPfOT9pKv4F6lz2CP4mH6cb/DT2R9pKv4F6j2CP4mH6cb/DT2R9pKv4F6j2CP4mA443VTT3x9pKv4F6j2CP4mPeG8ZzvkdQCdiPhOj2d237TV7qpGzelvyK2Iwfdx2ou5MT0BRCAUt/P38J5nE8Z9S5HdJw7SZ7ppzEKlPpZr7X07zpf2XHrkE0ldmUQnGQL3tra1+7svOe3mTRILEIzLlW2ps1/wB3rt3/APMki0ndmwthsPlclbZStjsDdT0bADsLX8BM3uszVjmmNeoyLQ2HOEOYGn9Kxte41Kld7dWv96SxTkr2NZCHEQczk2F2uLG/0VHZ3TE9TCEcCHJ6BUdpILH1C4Hr9xm9K18xIn8DhQoGpOt/Vrue25JJ7Sduq6syJsc81kpIl75VVL9uVbX901qCJA0iOdT0hKFDiIllobAp7CevhuooM9TYBACAEAIAQAgFW5QfPHwE8L/UH3x9EdnA8L4jTDYbMCSyqBa5bv7BKOEwffpylNRiub8/Imq1dhpJNtio4e3OGmSoIGYknS3beTrsup7RKg2lZXvyt4mjxMe7U0vIBgCXCK6NcEkqbgAb3MLsyUqypQnGV1dtPJJeI9pSg5Si0J4rClMpuGVtVI2Nt5Bi8G8PsvaUoy0a5m9Ksql1azXIU4R89T8fuMl7I++0+v6M1xfBkW8T6GcIIBS6h/X6k81ieM+pbhuE2QCNZJk1manmpIptGUVTlHjgjAWZmIYhUAJyplzGxI0GZdtdRYGUoU3Nt3XxLEY3VyGp8Yo3C3a5Z0Gl7tTsGFgb/SGlu/bWSPDz16epuqbauOsFxSkwchiQtNqpNj5CllJHbqjezvEkhh5JZ9DWVOSsOUxHOGoKFi6nJZyQocqrAMbXt0hew7eyQTpuMlt6PMbNrX5ifCOLVWSlWIUDNVpVX5qoVUU6iqvRzA0i2YmzEkWGk6FPDQTdvBW08L/EmlRjdpeCsr+Kv8SIx3KR+dqc4gyXqCmE8sc3XXD2YswBuWB6ra7zWeFTXuvP+LmvdLZVtf4uLcn+Nc7VpqqFQ182e17ZM4IysR3azHs+xdt/V7EUoWTLxh2uLge24+O20kjoVmLV20P99Qms9DKK1Sb5an6QlKgvfRLLQ2NT2E9dDdRRZ6mxgIAQAgBACAEAq3KD54+Anhf6g++Pojs4HhfEQwOHZrsmUsuym2t+vXTSV+z8NOpepSaco2tF8/PPLIkr1Ix92d7PmSDE89U5sqXKahtQW61W5t1DedqUn7XU7lxc3BXTzz5pZ28NSmku6jt3tfl4HpcoqKDlWo1JlYCwGY2y7aA6Gbx7uNeMZWjUlTkpWta7tbyvqavacG1dxUlboMseuWlRpt5QzEje1zptOV2gu5wtGhPeW035XeRaoPbqzmtMhPhHz1Px+4yt2R99p9f0ZJi+DIt4n0M4QQChOf19/ATy+K4jLkN0sV9JlPI1Ea4vqNxteQ1MzZFX4/h0qGzre17akb6EXHUesbGV6c5Rk7MmTtoRlDh1IMGC6hiy9JtCxVmsL2Fyo029pksq07WuZ2mSVDgVDIVyEKUFOyu6jIpLAWU9rHXfUyxSqzau+ph1ZX9TB4XRBqArpU+cFz0rliSTfc5jrvt2C1arWntpt6GVUk7PwH/DuC0VpKFp5ipZuk7kkswZszE9PUA9K+wlmniJu4dad9SJ4xwugHdhTF3IZjc6kMH01svSAbS1zvNJVp6X0Md5JpXeh44Jg6SMCqAEbG500tt4aRGrOTzZrJtot1F9uyW4sgZnFNodQNevs7bD1zSq8sjMSr0avy1Mf6h/dpUoL3yWWhsymbgT1kHeKZRZ6mxgIAQAgBACAEAq3KD54+Anhf6g++Pojs4HhfEjTOKmXB+3CyMwzpdQGI18nt2nal2NKLku8jdK7108dCn7WnZ7Ls8vieqOBALBrMDSZ1IuPCb0ezYwqSU2pJ03KLVzE8Q3FWye0kyOnBLo84R89T8fuM6XZH32n1/RlfF8GRbxPoZwggFT5Q8Aqc9+dUCSbWdLX7ri3/M52J7PVZtqVmTQq7OViJbjVVdCnsP/ABKv9rqrSSNu+j4CY4+3WpkMuy8Q+a+vgbKrAZYvHl9cp9ZH4zRdlV14fM276IhTxBvqh9qf1Q+zK/l8x30CVw/EUAsQ3/T/AFSWn2fWjGzXqaOrFiWJxy36IJ9a/jIKnZleUr29UbqtFITTjVRRoh9qf1TaPZuIX/0OrAisbxGqxvzZ/iT+qSR7Mrc7fMx30RCjj6qm/Nt/En9Uk/tlXxX18DHfRHP6XxB2S3r1903XZ9Zc0Y72JhcTXP0dTvcn8IXZs+ckY76JYeTXJqq7JVrdFAQw7Wt2d3fJaXZqjK7kYlWurWNgzqEAQAgBACAEAIAQCrcoPnj4CeF/qD74+iOzgeF8SNnFLo/qY8FqjZT00yb7aAX907NTtOMqlWey/fhs+hTjh2oxV9HcFx4AHROlM09+s9czHtSKUVsvKm4fPmHh275/7XGE4hcHnCPnqfj9xnS7I++0+v6MrYvgyLeJ9DOEEAIBC8b4MKhFRBZ/pf6h+MAruMyU9HYDxuPjAIfFYmkdmX1EQCDxtRep/Y0AgsViv/tP8yYAz/Oz/jN/MgDvD4rtqH+YfxgEthKqn6V/9x/GZBK0ayDdgPXAHmHxaMcqsCexdfhALVwDgF2FSsDlGqqwtc9pB6hALbACAEAIAQAgBACAEAhuMcKaowdLXtYg6bdYnnu1+yKmJmqtJq9rNMvYXFRprZkR/wChK3YP4hOL/YMZ4L5lz26l9IP0JW7B/EI/sGM8F8x7dS+kH6Erdg/iEf2DGeC+Y9upfSD9CVuwfxCP7BjPBfMe3UvpDzhXCHVw72FtgDfXadPsvsWrRrKrVtlol4lbE4uM4bMSdnqDnBACAEA8ugOjAEd4vAI/EcAwj/OYWg3pUUPxEAZ1ORfDTvgML/Ip/wBMATPIThf+Qwv8lPwgGP8A+D4X/kMN/JT8IADkHwv/ACGG/kp+EA9jkPwz/IYX10UPxEAc4fktgKfzeDwy+jQpj4LAJOjQVRZFVR/pAHwgCkAIAQAgBACAEAIAQAgAZhgxMgIAQAgAJgGZkBACAEAIAQAgBACAEAIAQAgBACAEAIAQAgBACAEAIB//2Q==', 2);
INSERT INTO mkt_auto.produto VALUES (2, 'Cerveja Brahma 350ml', '7899876543210', true, 'https://www.savegnago.com.br/cerveja-brahma-350ml-lata/p', 2);


--
-- Data for Name: produto_mercado; Type: TABLE DATA; Schema: mkt_auto; Owner: -
--

INSERT INTO mkt_auto.produto_mercado VALUES (1, 1, 1, 5.99, 100, '2025-06-12 06:39:00');
INSERT INTO mkt_auto.produto_mercado VALUES (2, 2, 1, 3.49, 50, '2025-06-12 06:39:00');
INSERT INTO mkt_auto.produto_mercado VALUES (3, 3, 1, 4.29, 80, '2025-06-12 06:39:00');
INSERT INTO mkt_auto.produto_mercado VALUES (4, 1, 2, 6.29, 120, '2025-06-12 06:39:00');
INSERT INTO mkt_auto.produto_mercado VALUES (5, 2, 2, 3.79, 60, '2025-06-12 06:39:00');
INSERT INTO mkt_auto.produto_mercado VALUES (6, 3, 2, 4.59, 90, '2025-06-12 06:39:00');
INSERT INTO mkt_auto.produto_mercado VALUES (7, 1, 3, 5.79, 80, '2025-06-12 06:39:00');
INSERT INTO mkt_auto.produto_mercado VALUES (8, 2, 3, 3.29, 70, '2025-06-12 06:39:00');
INSERT INTO mkt_auto.produto_mercado VALUES (9, 3, 3, 4.19, 100, '2025-06-12 06:39:00');
INSERT INTO mkt_auto.produto_mercado VALUES (10, 4, 4, 8.99, 50, '2025-06-16 13:23:58.014366');
INSERT INTO mkt_auto.produto_mercado VALUES (11, 4, 5, 7.49, 30, '2025-06-16 13:23:58.014366');
INSERT INTO mkt_auto.produto_mercado VALUES (12, 4, 6, 9.49, 25, '2025-06-16 13:23:58.014366');
INSERT INTO mkt_auto.produto_mercado VALUES (13, 4, 8, 8.5, 15, '2025-06-16 13:23:58.014366');
INSERT INTO mkt_auto.produto_mercado VALUES (14, 5, 4, 24.99, 20, '2025-06-16 13:23:58.014366');
INSERT INTO mkt_auto.produto_mercado VALUES (15, 5, 5, 22.9, 35, '2025-06-16 13:23:58.014366');
INSERT INTO mkt_auto.produto_mercado VALUES (16, 5, 7, 21.5, 100, '2025-06-16 13:23:58.014366');
INSERT INTO mkt_auto.produto_mercado VALUES (17, 6, 4, 4.99, 40, '2025-06-16 13:23:58.014366');
INSERT INTO mkt_auto.produto_mercado VALUES (18, 6, 5, 4.79, 60, '2025-06-16 13:23:58.014366');
INSERT INTO mkt_auto.produto_mercado VALUES (19, 6, 8, 5.2, 25, '2025-06-16 13:23:58.014366');
INSERT INTO mkt_auto.produto_mercado VALUES (20, 8, 4, 8.99, 30, '2025-06-16 13:23:58.014366');
INSERT INTO mkt_auto.produto_mercado VALUES (21, 8, 6, 7.89, 45, '2025-06-16 13:23:58.014366');
INSERT INTO mkt_auto.produto_mercado VALUES (22, 8, 7, 7.5, 80, '2025-06-16 13:23:58.014366');
INSERT INTO mkt_auto.produto_mercado VALUES (23, 9, 5, 3.99, 120, '2025-06-16 13:23:58.014366');
INSERT INTO mkt_auto.produto_mercado VALUES (24, 9, 6, 4.29, 90, '2025-06-16 13:23:58.014366');
INSERT INTO mkt_auto.produto_mercado VALUES (25, 9, 9, 3.79, 150, '2025-06-16 13:23:58.014366');
INSERT INTO mkt_auto.produto_mercado VALUES (26, 10, 4, 2.99, 25, '2025-06-16 13:23:58.014366');
INSERT INTO mkt_auto.produto_mercado VALUES (27, 11, 5, 4.49, 40, '2025-06-16 13:23:58.014366');
INSERT INTO mkt_auto.produto_mercado VALUES (28, 12, 6, 6.99, 35, '2025-06-16 13:23:58.014366');
INSERT INTO mkt_auto.produto_mercado VALUES (29, 13, 7, 3.89, 60, '2025-06-16 13:23:58.014366');


--
-- Data for Name: promocao; Type: TABLE DATA; Schema: mkt_auto; Owner: -
--



--
-- Name: PRODUTO_id_seq; Type: SEQUENCE SET; Schema: mkt_auto; Owner: -
--

SELECT pg_catalog.setval('mkt_auto."PRODUTO_id_seq"', 15, true);


--
-- Name: bairro_id_seq; Type: SEQUENCE SET; Schema: mkt_auto; Owner: -
--

SELECT pg_catalog.setval('mkt_auto.bairro_id_seq', 11, true);


--
-- Name: categoria_id_seq; Type: SEQUENCE SET; Schema: mkt_auto; Owner: -
--

SELECT pg_catalog.setval('mkt_auto.categoria_id_seq', 8, true);


--
-- Name: cidade_id_seq; Type: SEQUENCE SET; Schema: mkt_auto; Owner: -
--

SELECT pg_catalog.setval('mkt_auto.cidade_id_seq', 6, true);


--
-- Name: cupom_id_seq; Type: SEQUENCE SET; Schema: mkt_auto; Owner: -
--

SELECT pg_catalog.setval('mkt_auto.cupom_id_seq', 1, false);


--
-- Name: endereco_id_seq; Type: SEQUENCE SET; Schema: mkt_auto; Owner: -
--

SELECT pg_catalog.setval('mkt_auto.endereco_id_seq', 11, true);


--
-- Name: estado_id_seq; Type: SEQUENCE SET; Schema: mkt_auto; Owner: -
--

SELECT pg_catalog.setval('mkt_auto.estado_id_seq', 7, true);


--
-- Name: funcionario_id_seq; Type: SEQUENCE SET; Schema: mkt_auto; Owner: -
--

SELECT pg_catalog.setval('mkt_auto.funcionario_id_seq', 30, true);


--
-- Name: historico_preco_id_seq; Type: SEQUENCE SET; Schema: mkt_auto; Owner: -
--

SELECT pg_catalog.setval('mkt_auto.historico_preco_id_seq', 7, true);


--
-- Name: itempedido_id_seq; Type: SEQUENCE SET; Schema: mkt_auto; Owner: -
--

SELECT pg_catalog.setval('mkt_auto.itempedido_id_seq', 1, false);


--
-- Name: mercados_id_mercado_seq; Type: SEQUENCE SET; Schema: mkt_auto; Owner: -
--

SELECT pg_catalog.setval('mkt_auto.mercados_id_mercado_seq', 11, true);


--
-- Name: pedido_id_seq; Type: SEQUENCE SET; Schema: mkt_auto; Owner: -
--

SELECT pg_catalog.setval('mkt_auto.pedido_id_seq', 1, false);


--
-- Name: produto_mercado_id_seq; Type: SEQUENCE SET; Schema: mkt_auto; Owner: -
--

SELECT pg_catalog.setval('mkt_auto.produto_mercado_id_seq', 29, true);


--
-- Name: promocao_id_seq; Type: SEQUENCE SET; Schema: mkt_auto; Owner: -
--

SELECT pg_catalog.setval('mkt_auto.promocao_id_seq', 3, true);


--
-- Name: produto PRODUTO_codigo_barras_key; Type: CONSTRAINT; Schema: mkt_auto; Owner: -
--

ALTER TABLE ONLY mkt_auto.produto
    ADD CONSTRAINT "PRODUTO_codigo_barras_key" UNIQUE (codigo_barras);


--
-- Name: produto PRODUTO_pkey; Type: CONSTRAINT; Schema: mkt_auto; Owner: -
--

ALTER TABLE ONLY mkt_auto.produto
    ADD CONSTRAINT "PRODUTO_pkey" PRIMARY KEY (id);


--
-- Name: bairro bairro_pkey; Type: CONSTRAINT; Schema: mkt_auto; Owner: -
--

ALTER TABLE ONLY mkt_auto.bairro
    ADD CONSTRAINT bairro_pkey PRIMARY KEY (id);


--
-- Name: categoria categoria_nome_key; Type: CONSTRAINT; Schema: mkt_auto; Owner: -
--

ALTER TABLE ONLY mkt_auto.categoria
    ADD CONSTRAINT categoria_nome_key UNIQUE (nome);


--
-- Name: categoria categoria_pkey; Type: CONSTRAINT; Schema: mkt_auto; Owner: -
--

ALTER TABLE ONLY mkt_auto.categoria
    ADD CONSTRAINT categoria_pkey PRIMARY KEY (id);


--
-- Name: cidade cidade_pkey; Type: CONSTRAINT; Schema: mkt_auto; Owner: -
--

ALTER TABLE ONLY mkt_auto.cidade
    ADD CONSTRAINT cidade_pkey PRIMARY KEY (id);


--
-- Name: cliente cliente_pkey; Type: CONSTRAINT; Schema: mkt_auto; Owner: -
--

ALTER TABLE ONLY mkt_auto.cliente
    ADD CONSTRAINT cliente_pkey PRIMARY KEY (cpf);


--
-- Name: cupom cupom_pkey; Type: CONSTRAINT; Schema: mkt_auto; Owner: -
--

ALTER TABLE ONLY mkt_auto.cupom
    ADD CONSTRAINT cupom_pkey PRIMARY KEY (id);


--
-- Name: endereco endereco_pkey; Type: CONSTRAINT; Schema: mkt_auto; Owner: -
--

ALTER TABLE ONLY mkt_auto.endereco
    ADD CONSTRAINT endereco_pkey PRIMARY KEY (id);


--
-- Name: estado estado_pkey; Type: CONSTRAINT; Schema: mkt_auto; Owner: -
--

ALTER TABLE ONLY mkt_auto.estado
    ADD CONSTRAINT estado_pkey PRIMARY KEY (id);


--
-- Name: estado estado_sigla_key; Type: CONSTRAINT; Schema: mkt_auto; Owner: -
--

ALTER TABLE ONLY mkt_auto.estado
    ADD CONSTRAINT estado_sigla_key UNIQUE (sigla);


--
-- Name: funcionario funcionario_email_key; Type: CONSTRAINT; Schema: mkt_auto; Owner: -
--

ALTER TABLE ONLY mkt_auto.funcionario
    ADD CONSTRAINT funcionario_email_key UNIQUE (email);


--
-- Name: funcionario funcionario_pkey; Type: CONSTRAINT; Schema: mkt_auto; Owner: -
--

ALTER TABLE ONLY mkt_auto.funcionario
    ADD CONSTRAINT funcionario_pkey PRIMARY KEY (id);


--
-- Name: historico_preco historico_preco_pkey; Type: CONSTRAINT; Schema: mkt_auto; Owner: -
--

ALTER TABLE ONLY mkt_auto.historico_preco
    ADD CONSTRAINT historico_preco_pkey PRIMARY KEY (id);


--
-- Name: itempedido itempedido_pkey; Type: CONSTRAINT; Schema: mkt_auto; Owner: -
--

ALTER TABLE ONLY mkt_auto.itempedido
    ADD CONSTRAINT itempedido_pkey PRIMARY KEY (id);


--
-- Name: mercados mercados_pkey; Type: CONSTRAINT; Schema: mkt_auto; Owner: -
--

ALTER TABLE ONLY mkt_auto.mercados
    ADD CONSTRAINT mercados_pkey PRIMARY KEY (id_mercado);


--
-- Name: pedido pedido_pkey; Type: CONSTRAINT; Schema: mkt_auto; Owner: -
--

ALTER TABLE ONLY mkt_auto.pedido
    ADD CONSTRAINT pedido_pkey PRIMARY KEY (id);


--
-- Name: produto_mercado produto_mercado_pkey; Type: CONSTRAINT; Schema: mkt_auto; Owner: -
--

ALTER TABLE ONLY mkt_auto.produto_mercado
    ADD CONSTRAINT produto_mercado_pkey PRIMARY KEY (id);


--
-- Name: promocao promocao_pkey; Type: CONSTRAINT; Schema: mkt_auto; Owner: -
--

ALTER TABLE ONLY mkt_auto.promocao
    ADD CONSTRAINT promocao_pkey PRIMARY KEY (id);


--
-- Name: produto_mercado unq_produto_mercado; Type: CONSTRAINT; Schema: mkt_auto; Owner: -
--

ALTER TABLE ONLY mkt_auto.produto_mercado
    ADD CONSTRAINT unq_produto_mercado UNIQUE (id_produto, id_mercado);


--
-- Name: idx_cliente_cpf; Type: INDEX; Schema: mkt_auto; Owner: -
--

CREATE INDEX idx_cliente_cpf ON mkt_auto.cliente USING btree (cpf);


--
-- Name: idx_produto_mercado_mercado; Type: INDEX; Schema: mkt_auto; Owner: -
--

CREATE INDEX idx_produto_mercado_mercado ON mkt_auto.produto_mercado USING btree (id_mercado);


--
-- Name: idx_produto_mercado_produto; Type: INDEX; Schema: mkt_auto; Owner: -
--

CREATE INDEX idx_produto_mercado_produto ON mkt_auto.produto_mercado USING btree (id_produto);


--
-- Name: bairro bairro_cidade_id_fkey; Type: FK CONSTRAINT; Schema: mkt_auto; Owner: -
--

ALTER TABLE ONLY mkt_auto.bairro
    ADD CONSTRAINT bairro_cidade_id_fkey FOREIGN KEY (cidade_id) REFERENCES mkt_auto.cidade(id);


--
-- Name: cidade cidade_estado_id_fkey; Type: FK CONSTRAINT; Schema: mkt_auto; Owner: -
--

ALTER TABLE ONLY mkt_auto.cidade
    ADD CONSTRAINT cidade_estado_id_fkey FOREIGN KEY (estado_id) REFERENCES mkt_auto.estado(id);


--
-- Name: endereco endereco_bairro_id_fkey; Type: FK CONSTRAINT; Schema: mkt_auto; Owner: -
--

ALTER TABLE ONLY mkt_auto.endereco
    ADD CONSTRAINT endereco_bairro_id_fkey FOREIGN KEY (bairro_id) REFERENCES mkt_auto.bairro(id);


--
-- Name: cupom fk_cupom_mercado; Type: FK CONSTRAINT; Schema: mkt_auto; Owner: -
--

ALTER TABLE ONLY mkt_auto.cupom
    ADD CONSTRAINT fk_cupom_mercado FOREIGN KEY (id_mercado) REFERENCES mkt_auto.mercados(id_mercado);


--
-- Name: funcionario fk_funcionario_mercado; Type: FK CONSTRAINT; Schema: mkt_auto; Owner: -
--

ALTER TABLE ONLY mkt_auto.funcionario
    ADD CONSTRAINT fk_funcionario_mercado FOREIGN KEY (id_mercado) REFERENCES mkt_auto.mercados(id_mercado);


--
-- Name: itempedido fk_item_pedido; Type: FK CONSTRAINT; Schema: mkt_auto; Owner: -
--

ALTER TABLE ONLY mkt_auto.itempedido
    ADD CONSTRAINT fk_item_pedido FOREIGN KEY (id_pedido) REFERENCES mkt_auto.pedido(id);


--
-- Name: itempedido fk_item_produto; Type: FK CONSTRAINT; Schema: mkt_auto; Owner: -
--

ALTER TABLE ONLY mkt_auto.itempedido
    ADD CONSTRAINT fk_item_produto FOREIGN KEY (id_produto) REFERENCES mkt_auto.produto(id);


--
-- Name: produto_mercado fk_mercado; Type: FK CONSTRAINT; Schema: mkt_auto; Owner: -
--

ALTER TABLE ONLY mkt_auto.produto_mercado
    ADD CONSTRAINT fk_mercado FOREIGN KEY (id_mercado) REFERENCES mkt_auto.mercados(id_mercado);


--
-- Name: pedido fk_pedido_cliente; Type: FK CONSTRAINT; Schema: mkt_auto; Owner: -
--

ALTER TABLE ONLY mkt_auto.pedido
    ADD CONSTRAINT fk_pedido_cliente FOREIGN KEY (id_cliente) REFERENCES mkt_auto.cliente(cpf);


--
-- Name: pedido fk_pedido_cupom; Type: FK CONSTRAINT; Schema: mkt_auto; Owner: -
--

ALTER TABLE ONLY mkt_auto.pedido
    ADD CONSTRAINT fk_pedido_cupom FOREIGN KEY (id_cupom) REFERENCES mkt_auto.cupom(id);


--
-- Name: pedido fk_pedido_mercado; Type: FK CONSTRAINT; Schema: mkt_auto; Owner: -
--

ALTER TABLE ONLY mkt_auto.pedido
    ADD CONSTRAINT fk_pedido_mercado FOREIGN KEY (id_mercado) REFERENCES mkt_auto.mercados(id_mercado);


--
-- Name: historico_preco fk_preco_funcionario; Type: FK CONSTRAINT; Schema: mkt_auto; Owner: -
--

ALTER TABLE ONLY mkt_auto.historico_preco
    ADD CONSTRAINT fk_preco_funcionario FOREIGN KEY (id_funcionario) REFERENCES mkt_auto.funcionario(id);


--
-- Name: historico_preco fk_preco_produto_mercado; Type: FK CONSTRAINT; Schema: mkt_auto; Owner: -
--

ALTER TABLE ONLY mkt_auto.historico_preco
    ADD CONSTRAINT fk_preco_produto_mercado FOREIGN KEY (id_produto_mercado) REFERENCES mkt_auto.produto_mercado(id);


--
-- Name: produto_mercado fk_produto; Type: FK CONSTRAINT; Schema: mkt_auto; Owner: -
--

ALTER TABLE ONLY mkt_auto.produto_mercado
    ADD CONSTRAINT fk_produto FOREIGN KEY (id_produto) REFERENCES mkt_auto.produto(id);


--
-- Name: produto fk_produto_categoria; Type: FK CONSTRAINT; Schema: mkt_auto; Owner: -
--

ALTER TABLE ONLY mkt_auto.produto
    ADD CONSTRAINT fk_produto_categoria FOREIGN KEY (categoria_id) REFERENCES mkt_auto.categoria(id);


--
-- Name: promocao fk_promocao_funcionario; Type: FK CONSTRAINT; Schema: mkt_auto; Owner: -
--

ALTER TABLE ONLY mkt_auto.promocao
    ADD CONSTRAINT fk_promocao_funcionario FOREIGN KEY (id_funcionario) REFERENCES mkt_auto.funcionario(id) ON DELETE SET NULL;


--
-- Name: promocao fk_promocao_produto_mercado; Type: FK CONSTRAINT; Schema: mkt_auto; Owner: -
--

ALTER TABLE ONLY mkt_auto.promocao
    ADD CONSTRAINT fk_promocao_produto_mercado FOREIGN KEY (id_produto_mercado) REFERENCES mkt_auto.produto_mercado(id) ON DELETE CASCADE;


--
-- Name: mercados mercados_endereco_id_fkey; Type: FK CONSTRAINT; Schema: mkt_auto; Owner: -
--

ALTER TABLE ONLY mkt_auto.mercados
    ADD CONSTRAINT mercados_endereco_id_fkey FOREIGN KEY (endereco_id) REFERENCES mkt_auto.endereco(id);


--
-- Name: historico_preco Allow public read on historico_preco; Type: POLICY; Schema: mkt_auto; Owner: -
--

CREATE POLICY "Allow public read on historico_preco" ON mkt_auto.historico_preco FOR SELECT USING (true);


--
-- Name: bairro Enable read access for anon; Type: POLICY; Schema: mkt_auto; Owner: -
--

CREATE POLICY "Enable read access for anon" ON mkt_auto.bairro FOR SELECT USING (true);


--
-- Name: cidade Enable read access for anon on cidade; Type: POLICY; Schema: mkt_auto; Owner: -
--

CREATE POLICY "Enable read access for anon on cidade" ON mkt_auto.cidade FOR SELECT USING (true);


--
-- Name: endereco Enable read access for anon on endereco; Type: POLICY; Schema: mkt_auto; Owner: -
--

CREATE POLICY "Enable read access for anon on endereco" ON mkt_auto.endereco FOR SELECT USING (true);


--
-- Name: estado Enable read access for anon on estado; Type: POLICY; Schema: mkt_auto; Owner: -
--

CREATE POLICY "Enable read access for anon on estado" ON mkt_auto.estado FOR SELECT USING (true);


--
-- Name: mercados Enable read access for anon on mercados; Type: POLICY; Schema: mkt_auto; Owner: -
--

CREATE POLICY "Enable read access for anon on mercados" ON mkt_auto.mercados FOR SELECT USING (true);


--
-- Name: produto_mercado Enable read access for anon on produto_mercado; Type: POLICY; Schema: mkt_auto; Owner: -
--

CREATE POLICY "Enable read access for anon on produto_mercado" ON mkt_auto.produto_mercado FOR SELECT USING (true);


--
-- Name: promocao Enable read access for anon on promocao; Type: POLICY; Schema: mkt_auto; Owner: -
--

CREATE POLICY "Enable read access for anon on promocao" ON mkt_auto.promocao FOR SELECT USING (true);


--
-- Name: produto Enable read access for public on produto; Type: POLICY; Schema: mkt_auto; Owner: -
--

CREATE POLICY "Enable read access for public on produto" ON mkt_auto.produto FOR SELECT USING (true);


--
-- Name: bairro; Type: ROW SECURITY; Schema: mkt_auto; Owner: -
--

ALTER TABLE mkt_auto.bairro ENABLE ROW LEVEL SECURITY;

--
-- Name: categoria; Type: ROW SECURITY; Schema: mkt_auto; Owner: -
--

ALTER TABLE mkt_auto.categoria ENABLE ROW LEVEL SECURITY;

--
-- Name: cidade; Type: ROW SECURITY; Schema: mkt_auto; Owner: -
--

ALTER TABLE mkt_auto.cidade ENABLE ROW LEVEL SECURITY;

--
-- Name: cliente; Type: ROW SECURITY; Schema: mkt_auto; Owner: -
--

ALTER TABLE mkt_auto.cliente ENABLE ROW LEVEL SECURITY;

--
-- Name: cupom; Type: ROW SECURITY; Schema: mkt_auto; Owner: -
--

ALTER TABLE mkt_auto.cupom ENABLE ROW LEVEL SECURITY;

--
-- Name: endereco; Type: ROW SECURITY; Schema: mkt_auto; Owner: -
--

ALTER TABLE mkt_auto.endereco ENABLE ROW LEVEL SECURITY;

--
-- Name: estado; Type: ROW SECURITY; Schema: mkt_auto; Owner: -
--

ALTER TABLE mkt_auto.estado ENABLE ROW LEVEL SECURITY;

--
-- Name: historico_preco; Type: ROW SECURITY; Schema: mkt_auto; Owner: -
--

ALTER TABLE mkt_auto.historico_preco ENABLE ROW LEVEL SECURITY;

--
-- Name: itempedido; Type: ROW SECURITY; Schema: mkt_auto; Owner: -
--

ALTER TABLE mkt_auto.itempedido ENABLE ROW LEVEL SECURITY;

--
-- Name: mercados; Type: ROW SECURITY; Schema: mkt_auto; Owner: -
--

ALTER TABLE mkt_auto.mercados ENABLE ROW LEVEL SECURITY;

--
-- Name: categoria public Select; Type: POLICY; Schema: mkt_auto; Owner: -
--

CREATE POLICY "public Select" ON mkt_auto.categoria FOR SELECT USING (true);


--
-- PostgreSQL database dump complete
--

